<?xml version="1.0"?>
<TEI xmlns="http://www.tei-c.org/ns/1.0" xml:lang="fr"><teiHeader><fileDesc><titleStmt><title>My TEI Extension</title><author>generated by Roma 5.0.0</author></titleStmt><publicationStmt><p>for use by whoever wants it</p></publicationStmt><notesStmt><note type="ns">http://www.example.org/ns/nonTEI</note></notesStmt><sourceDesc><p>created on Monday 18th November 2019 10:12:15 AM</p></sourceDesc></fileDesc></teiHeader><text><front><divGen type="toc"/></front><body><p>My TEI Customization&#xD;
	starts with modules tei, core, textstructure and header</p><schemaSpec ident="myTEI" docLang="fr" prefix="tei_" xml:lang="en"><moduleRef key="core" except="abbr add addrLine analytic biblScope biblStruct binaryObject cb choice cit citedRange corr del desc distinct divGen email emph expan foreign gb gloss headItem headLabel imprint index l label lg listBibl measure measureGrp media meeting mentioned milestone monogr note num orig postBox ptr q quote reg relatedItem resp respStmt rs said series sic soCalled sp speaker stage term textLang time unclear unit"/><moduleRef key="tei" except=""/><moduleRef key="header" except="appInfo application availability biblFull cRefPattern calendar calendarDesc catDesc catRef category change classCode classDecl conversion correction correspAction correspContext correspDesc creation distributor editorialDecl encodingDesc extent funder geoDecl handNote hyphenation interpretation keywords langUsage listChange listPrefixDef namespace normalization notesStmt prefixDef principal profileDesc projectDesc punctuation quotation refState refsDecl rendition revisionDesc samplingDecl schemaRef scriptNote segmentation seriesStmt sponsor stdVals styleDefDecl tagUsage tagsDecl taxonomy textClass unitDecl unitDef xenoData"/><moduleRef key="textstructure" except="argument dateline div1 div2 div3 div4 div5 div6 div7 docEdition epigraph floatingText group postscript trailer"/><moduleRef key="namesdates" except="addName affiliation age birth bloc climate death district education event faith floruit genName geo geogFeat geogName langKnowledge langKnown listEvent listNym listObject listOrg listPerson listPlace listRelation location nameLink nationality nym object objectIdentifier objectName occupation offset org person personGrp persona place population region relation residence sex socecStatus state terrain trait"/><moduleRef key="figures" except="figDesc formula notatedMusic"/><moduleRef key="transcr" except="addSpan am damage damageSpan delSpan ex handNotes handShift line listTranspose metamark mod path redo restore retrace secl sourceDoc space subst substJoin supplied surface surfaceGrp surplus transpose undo zone"/><moduleRef key="msdescription" except="accMat acquisition additional additions adminInfo altIdentifier binding bindingDesc catchwords collation collection colophon condition custEvent custodialHist decoDesc decoNote depth dim dimensions explicit filiation finalRubric foliation handDesc height heraldry history incipit layout layoutDesc locus locusGrp material msContents msFrag msItem msItemStruct msName msPart musicNotation objectDesc objectType origDate origPlace origin physDesc provenance recordHist repository rubric scriptDesc seal sealDesc secFol signatures stamp summary support supportDesc surrogates typeNote watermark width"/></schemaSpec></body></text></TEI>
