<?xml version="1.0"?>
<TEI xmlns="http://www.tei-c.org/ns/1.0" xml:lang="fr"><teiHeader><fileDesc><titleStmt><title>Exercice ODD Simon Vouga</title><author>Simon vouga</author></titleStmt><publicationStmt><p>for use by whoever wants it</p></publicationStmt><notesStmt><note type="ns">http://www.example.org/ns/nonTEI</note></notesStmt><sourceDesc><p>created on Monday 18th November 2019 09:41:26 AM</p></sourceDesc></fileDesc></teiHeader><text><front><divGen type="toc"/></front><body><p>Exercice du 18 novembre 2018 de Simon Vouga pour le cours d'humanit&#xE9;s num&#xE9;riques de l'universit&#xE9; de Neuch&#xE2;tel.</p><schemaSpec ident="exovougasimon" docLang="fr" prefix="tei_" xml:lang="en"><moduleRef key="core" except="add addrLine address analytic biblScope biblStruct binaryObject cb choice cit citedRange corr del desc distinct divGen email emph expan foreign gap gb gloss graphic head headItem headLabel hi imprint index item l label lb lg list listBibl measure measureGrp media meeting mentioned milestone monogr note num orig pb postBox postCode ptr q quote ref reg relatedItem resp respStmt rs said series sic soCalled sp speaker stage street teiCorpus term textLang time unclear unit"/><moduleRef key="tei" except=""/><moduleRef key="header" except="abstract appInfo application availability cRefPattern calendar calendarDesc catDesc catRef category change classCode classDecl conversion correction correspAction correspContext correspDesc creation distributor edition editionStmt editorialDecl encodingDesc extent funder geoDecl handNote hyphenation interpretation keywords langUsage language licence listChange listPrefixDef namespace normalization notesStmt prefixDef principal profileDesc projectDesc punctuation quotation refState refsDecl rendition revisionDesc samplingDecl schemaRef scriptNote segmentation seriesStmt sponsor stdVals styleDefDecl tagUsage tagsDecl taxonomy textClass unitDecl unitDef xenoData"/><moduleRef key="textstructure" except="argument back byline closer dateline div1 div2 div3 div4 div5 div6 div7 docAuthor docDate docEdition docImprint docTitle epigraph floatingText front group imprimatur opener postscript salute signed titlePage titlePart trailer"/><moduleRef key="namesdates" except="addName affiliation age birth bloc climate death district education event faith floruit genName geo geogFeat geogName langKnowledge langKnown listEvent listNym listObject listOrg listPerson listPlace listRelation location nameLink nationality nym object objectIdentifier objectName occupation offset org orgName person personGrp persona place population region relation residence settlement sex state terrain trait"/></schemaSpec></body></text></TEI>
