<?xml version="1.0"?>
<TEI xmlns="http://www.tei-c.org/ns/1.0" xml:lang="fr"><teiHeader><fileDesc><titleStmt><title>Premier ODD</title><author>Ma&#xEB;lle Aeby</author></titleStmt><publicationStmt><p>for use by whoever wants it</p></publicationStmt><notesStmt><note type="ns">http://www.example.org/ns/nonTEI</note></notesStmt><sourceDesc><p>created on Monday 18th November 2019 09:41:14 AM</p></sourceDesc></fileDesc></teiHeader><text><front><divGen type="toc"/></front><body><p>Premier essai d'ODD (18.11.2019)</p><schemaSpec ident="myTEI" docLang="fr" prefix="tei_" xml:lang="en"><moduleRef key="core" except="abbr add analytic author biblScope biblStruct binaryObject cb choice cit citedRange corr del desc distinct divGen editor email emph expan foreign gap gb gloss graphic head headItem headLabel hi imprint index item l label lb lg list listBibl measure measureGrp media meeting mentioned milestone monogr note num orig pb postBox postCode ptr pubPlace publisher q quote ref reg relatedItem resp respStmt rs said series sic soCalled sp speaker stage street teiCorpus term textLang time unclear unit"/><moduleRef key="tei" except=""/><moduleRef key="header" except="abstract appInfo application biblFull cRefPattern calendar calendarDesc catDesc catRef category change classCode classDecl conversion correction correspAction correspContext correspDesc creation distributor edition editionStmt editorialDecl encodingDesc extent funder geoDecl handNote hyphenation interpretation keywords langUsage language listChange listPrefixDef namespace normalization notesStmt prefixDef principal profileDesc projectDesc punctuation quotation refState refsDecl rendition revisionDesc samplingDecl schemaRef scriptNote segmentation seriesStmt sponsor stdVals styleDefDecl tagUsage tagsDecl taxonomy textClass unitDecl unitDef xenoData"/><moduleRef key="textstructure" except="argument back byline closer dateline div div1 div2 div3 div4 div5 div6 div7 docAuthor docDate docEdition docImprint docTitle epigraph floatingText group imprimatur opener postscript salute signed titlePage titlePart trailer"/><moduleRef key="namesdates" except="addName affiliation age birth bloc climate death education event faith floruit genName geo geogFeat geogName langKnowledge langKnown listEvent listNym listObject listOrg listPerson listPlace listRelation location nameLink nationality nym object objectIdentifier objectName occupation offset org orgName person personGrp persona place population relation residence sex socecStatus state terrain trait"/><moduleRef key="dictionaries" except="case colloc def dictScrap entry entryFree etym form gen gram gramGrp hom hyph iType lbl mood number oRef orth pRef per pos pron re sense stress subc superEntry syll tns usg xr"/><moduleRef key="msdescription" except="accMat acquisition additional additions adminInfo altIdentifier binding bindingDesc catchwords collation collection colophon condition custEvent custodialHist decoDesc decoNote depth dim dimensions explicit filiation finalRubric foliation handDesc heraldry history incipit institution layout layoutDesc locus locusGrp material msContents msDesc msFrag msItem msItemStruct msPart musicNotation objectDesc objectType origDate origPlace origin physDesc provenance recordHist repository rubric scriptDesc seal sealDesc secFol signatures source stamp summary support supportDesc surrogates typeDesc typeNote watermark width"/></schemaSpec></body></text></TEI>
