<?xml version="1.0" encoding="UTF-8"?>
<?xml-model href="../schema/schema_grobid_01.rnc"?>
<TEI xmlns="http://www.tei-c.org/ns/1.0">
   <teiHeader xmlns:tei="http://www.tei-c.org/ns/1.0" xmlns:s="http://purl.oclc.org/dsdl/schematron">
      <fileDesc>
         <titleStmt>
            <title>Titre du catalogue</title>
            <respStmt>
               <persName ref="#COL_000001">Simon Gabay</persName>
               <resp>
                  <date when="2019">2019</date>
               </resp>
            </respStmt>
         </titleStmt>
         <extent/>
         <publicationStmt>
            <publisher>Projet e-Ditiones, Université de Neuchâtel</publisher>
            <availability status="restricted">
               <licence target="https://creativecommons.org/licenses/by/2.0">Attribution 2.0 Generic
                  (CC BY 2.0)</licence>
            </availability>
         </publicationStmt>
         <sourceDesc>
            <bibl>
               <title>à renseigner</title>
               <num>si nécessaire</num>
               <editor/>
               <publisher/>
               <pubPlace/>
               <date/>
            </bibl>
            <listEvent>
               <event>
                  <p>
                     <address>
                        <addrLine/>
                     </address>
                     <persName type="auctioneer"/>
                     <persName type="expert"/>
                     <date/>
                  </p>
               </event>
            </listEvent>
            <listWit>
               <witness>
                  <ptr/>
               </witness>
            </listWit>
            <listBibl>
               <bibl/>
            </listBibl>
         </sourceDesc>
      </fileDesc>
      <profileDesc>
         <langUsage>
            <language ident="fr">french</language>
         </langUsage>
      </profileDesc>
      <encodingDesc>
         <samplingDecl>
            <p>This electronic version of the catalog only reproduces the entries that correspond to
               documents for sale. All text preceding or succeeding the list of documents for sale
               is not reproduced below.</p>
         </samplingDecl>
         <appInfo>
            <application version="1.6" ident="Transkribus" when="2019">
               <label>Transkribus</label>
               <ptr target="https://transkribus.eu/Transkribus/"/>
            </application>
            <application version="0.5.4" ident="GROBID" when="2019">
               <label>GROBID_Dictionaries - A machine learning software for structuring digitized
                  dictionaries</label>
               <ptr target="https://github.com/MedKhem/grobid-dictionaries"/>
            </application>
         </appInfo>
      </encodingDesc>
   </teiHeader>
   <text>
      <body>
         <gap/>
         <list>
            <item n="1">
               <num>1</num>
               <name type="author">ALEXANDRE VI (Roderigo Borgia),</name>
               <trait><p>pape, le père de <persName>César</persName> et de <persName>Lucrèce Borgia,</persName> n.
                  1430, m. 1503. </p></trait>
                  <desc>Pièce, sur vélin, avec les mots Fiat ut petit., autographes; <placeName>Rome</placeName>,
                  14 des calendes d'avril (1502), 1 p. in-folio. 
                  Petit trou dans la partie blanche
                  du parchemin. Très rare.</desc>
               <note>Le pape accorde à <persName>Antonio</persName> de <placeName>Tolentino</placeName> et à sa femme des indulgences et le
                  droit d'avoir un autel particulier pour y faire dire la messe</note>
            </item>
            <item n="2">
               <num>2</num>
               <name type="author">BACHAUMONT (Louis),</name>
               <trait>
                  <p>littérateur du XVIIIe siècle, auteur des fameux Mémoires secrets, n. 1690, m.
                     1771</p>
               </trait>
               <desc>L. a. s.; 13 mars 1750, 2 p. in-4. Rare.</desc>
               <note>Belle lettre relative à l'acquisition de la colonne de l'hôtel de <placeName>Sois-
                  sons</placeName></note>
            </item>
            <item n="3">
               <num>3</num>
               <name type="author">BALUZE (Etienne),</name>
               <trait>
                  <p>le célèbre érudit, bibliothécaire de <placeName>Colbert</placeName>, n. 1630, m. 1718</p>
               </trait>
               <desc>L. a. s. ; Paris, 29 janvier 1677, 1 p. in-4. Belle pièce concernant ses
                  fonctions de bibliothécaire.</desc>
            </item>
            <item n="4">
               <num>4.</num>
               <name type="author">BARERE (Bertrand),</name>
               <trait>
                  <p>célèbre conventionnel, le rapporteur infatigable du Comité de salut public, n.
                     1755, m. 1841. </p>
               </trait>
               <desc>Minute aut. d'une lettre à <persName>Fouché</persName>; <placeName>Paris</placeName>, 9 brumaire an II (30 octobre 1793), 1
                  p. 1/2 in-4. </desc>
               <note> Curieux document, rédigé au nom du Comité de salut public. Il es enjoint à
                  <persName>Fouché</persName>, alors dans la <placeName>Nièvre</placeName>, de se rendre à <placeName>Lyon</placeName> avec ses collègues à
                  <placeName>Collot-d'Herbois</placeName> et <placeName>Montaut</placeName>. « Le salut de la Patrie vous a5 silé'à
                  <placeName>ville-Affranchie</placeName>, partés, votre patriotisme nous répond de e zèle et de la fermeté
                  avec laquelle il faut opérer dans cette ville rebelle. » Il lui conseille de
                  rapporter discrètement son arrêté, ordonnant de verser aux comités de surveillance
                  l'or et l'argent monnayés.</note>
            </item>
            <item n="5">
               <num>5</num>
               <name type="author">BEAUHARNAIS (Eugène de),</name>
               <trait>
                  <p>fils adoptif de <persName>Napoléon Ier</persName>, vice-roi d'Italie, n. 1781, m. 1824.</p>
               </trait>
               <desc>2 l. a. s. (à la <persName>duchesse de Raguse</persName>); <placeName>Ismaning-Munich</placeName>, juinaoût 1823, 6 p.
                  in-4. </desc>
               <note>Jolies lettres où il parle de son séjour à <placeName>Marienbad</placeName>. « Il ne manque plus,
                  dit-il, que de la force à mes nerfs et je n'obtiendrai cela que du temps. » Il se
                  rendra ensuite à <placeName>Eichstett</placeName> pour s'y établir en famille, il parle ensuite de son
                  voyage sur le <placeName>lac de Constance</placeName>, dont il espère beaucoup pour sa santé.
                  Intéressants détails intimes</note>
            </item>
            <item n="6">
               <num>6. </num>
               <name type="author">BERANGER (Pierre-Jean de),</name>
               <trait>
                  <p>le célèbre chansonnier, n. 1780, m. 1857.</p>
               </trait>
               <desc>Discours que devait prononcer le jour de sa réception à l'Institut,  <persName>M. F.-R. de
                 Chateaubriant</persName>, manuscrit autographe de<persName> Béranger</persName>, 15 p. in-4. Curieuse pièce. C'est
                  la copie du discours que devait prononcer</desc>
               <note><persName>Chateaubriand</persName> à l'Académie française, lors de sa réception en remplacement de
                 <persName> M.-J. Chénier</persName>. Le discours fut soumis à <persName>Napoléon Ier</persName>, qui le trouva « de la
                  dernière extravagance », et la réception de <persName>Chateaubriand</persName> fut indéfiniment
                  ajournée</note>
            </item>
            <item n="7">
               <num>7</num>
               <name type="author">BÉRANGER (Pierre-Jean de)</name>
               <desc>L. a. s. à son père; <placeName>Péronne</placeName>, 18 pluviôse an II (6 février 1794), 1 p. in-4.
                  Très jolie lettre de la jeunesse de <persName>Béranger</persName>; il assure son père que sa triste
                  situation lui cause un grand chagrin (le père de Béranger était détenu comme
                  suspect). -On joint à celte pièce la copie d'un arrêté du tribunal révolutionnaire
                  ordonnant de mettre en liberté <persName>Jean-François Béranger</persName>, dit Mercix. L'arrêté est du
                  28 fructidor an II 14 septembre 1794).</desc>
            </item>
            <item n="8">
               <num> 8. </num>
               <name type="author">BERLIOZ (Hector),</name>
               <trait>
                  <p>le grand compositeur de musique, n. 1803, m. 1869. </p>
               </trait>
               <desc>L.a. s. à <persName>Jules Janin</persName>; <placeName>Paris</placeName>, 28 novembre 1839, 1/2 p. in-12.</desc>
               <note>Joli billet où il fait allusion au don <persName>Paganini</persName>. Il est ainsi conçu : « Je ne
                  suis plus ou pas encore à l'âge où l'on pleure volontiers d'attendrissement, mais
                  votre apostrophe à <persName>Paganini</persName> m'a fait fondre en larmes.</note>
            </item>
            <item n="9">
               <num> 9.</num>
               <name type="author">BERNADOTTE (Jean-Baptiste),</name>
               <trait>
                  <p>illustre maréchal de l'Empire, puis roi de Suède sous le nom de <persName>Charles- Jean
                     XIV</persName>, n. 1764, m. 1844.</p>
               </trait>
               <desc>L. s. à <persName>Rousselin</persName> ; <placeName>Rennes</placeName>, 16 prairial (juin 1795), 1 p. 1/2 in-4. </desc>
               <note>Pièce historique. Il annonce que <persName>Cadoudal</persName> remue et qu'il ordonne aux généraux
                  de l'attaquer partout où ils le rencontreront. Il annonce le débarquement des
                  Anglais à <placeName>Quiberon</placeName>.</note>
            </item>
            <item n="10">
               <num>10.</num>
               <name type="author">BILLAUD-VARENNE (Jacques-Nicolas),</name>
               <trait>
                  <p>célèbre conventionnel, n. à <placeName>La Rochelle</placeName>, 1756, m. 1819.</p>
               </trait>
               <desc>L. a. s. à <persName>Panis</persName>; <placeName>Paris</placeName>, 21 août l'an 4 de la Liberté (1792), 1 p. 1/2 in-4,
                  tête et vignette imprimées.</desc>
               <note>Il lui recommande un patriote pour l'emploi de garçon de bureau</note>
            </item>
            <item n="11">
               <num>11</num>
               <name type="author">BOISMONT (Nicolas Thyrel, abbé de),</name>
               <trait>
                  <p>célèbre prédicateur, membre de l'Académie française, n. 1715, m. 1786</p>
               </trait>
               <desc>L. a. s. à<persName> Madame de Baude</persName> ; <placeName>Paris</placeName>, 12 décembre, 3 p. in-4 Rare.</desc>
               <note>Spirituelle épître, très galamment tournée, où il parle de <persName>Madame de Bourdeille</persName>
                  et de <persName>l'abbé Maury</persName></note>
            </item>
            <item n="12">
               <num>12. </num>
               <name type="author">BOSSUET (Bénigne),</name>
               <trait>
                  <p>l'illustre évêque de Meaux, n. 1627, m. 17040 </p>
               </trait>
               <desc> L. aut. ; <placeName>Paris</placeName>, 29 janvier 1688, 3 p. in-4, cachet.</desc>
               <note>Intéressante lettre relative aux persécutions qu'auraient pu endurer les
                  chrétiens en <placeName>Espagne</placeName>, sous le règne de quelques empereurs</note>
            </item>
            <item n="13">
               <num>13</num>
               <name type="author">BRISSOT (Jean-Pierre),</name>
               <trait>
                  <p>célèbre conventionnel girondin n. à <placeName>Chartres</placeName>, 1754, décapité le 31 octobre
                     1793</p>
               </trait>
               <desc>L. a. s. à <persName>Cahille Desmoulins</persName>; (<placeName>Paris</placeName>), samedi (17902), 1 p. 1/2 in-4.
                  Important document.</desc>
               <note>Il l'informe que les patriotes étant peu nombreux à l'Assemblée, <persName>Malouet</persName> a pu
                  obtenir un décret qui enjoint au procureur de le poursuivre. Il s'empresse de
                  l'avertir afin qu'il prenne ses précautions. Il annonce qu'il sera à son poste
                  pour défendre la Société des Amis de la liberté</note>
            </item>
            <item n="14">
               <num>14</num>
               <name type="author">BRUNE (Guillaume-Marie-Anne),</name>
               <trait>
                  <p>célèbre général républicain, maréchal de l'Empire, n. 1763, massacré en
                     1815</p>
               </trait>
               <desc>L. a. s. au citoyen <persName>Verne</persName> ; quartier général de <placeName>Vérone</placeName>, 18 vendémiaire an VI
                  (18 octobre 1797), 1 p. in-folio, vignette. Superbe pièce. Les Autrichiens vaincus
                  sont incorrigibles, et son opinion est que les opérations militaires reprendront
                  bientôt. </desc><note>« Si la
               valeur et l'amour de la liberté forcent les villes et détruisent les armées, il
                  ne faut pas douter de nos succès.</note>
            </item>
            <item n="15">
               <num>15. </num>
               <name type="author">CHALIER (Marie-Joseph),</name>
               <trait>
                  <p>chef du parti montagnard à <placeName>Lyon</placeName>, n. 1747, décapité en 1793. </p>
               </trait>
               <desc>P. s. ; <placeName>Lyon</placeName>, 6 novembre 1791, 1 p. in-folio. Très rare</desc>
            </item>
            <item n="16">
               <num>16</num>
               <name type="author">CHAMBORD (Henri de Bourbon, comte de),</name>
               <trait>
                  <p>le dernier représentant de la branche aînée des <persName>Bourbons</persName>, n. 1820, m. 1883</p>
               </trait>
               <desc>L. a. s. à M. <persName>le baron Vincent</persName>; <placeName>Kirchberg</placeName>, 31 juillet 1840, 2 p. 1/2
                  in-8.</desc>
               <note>Remarquable lettre où il exprime le plaisir qu'il ressent quand il parle de la
                  <placeName>France</placeName>, qu'il voudrait rendre heureuse et puissante. « Qu'il me serait bien plus
                  doux de parler de la <placeName>France</placeName> en <placeName>France</placeName> même! Au reste, il faut que l'on sache, si
                  j'ai l'ambition d'y rentrer jamais, ce n'est pas, Dieu m'en garde, en lui
                  apportant des malheurs, mais dans le désir de la servir, de lui être utile.</note>
            </item>
            <item n="17">
               <num>17</num>

               <name type="author">CHAMPIONNET (Jean-Étienne), </name>
               <trait>
                  <p>l’illustre général républicain, né à <placeName>Valence</placeName>, 1762, m. 1800</p>
               </trait>
               <desc>L. a. s. à <persName>Barras</persName> ; quartier-général de <placeName>Rome</placeName>, 29 brumaire an VII (20 novembre
                  1798), 2 p. 1/2 in-folio.</desc>
               <note>Très intéressante lettre où il fait part à Barras du dénuement de son armée. Il
                  demande une augmentation de ses forces, surtout en cavalerie ; quand son armée
                  sera organisée, il recevra républicainement le roi de Naples. Il veut purger son
                  armée des coquins qui le suivent « comme des oiseaux de proie pour dévorer le peu
                  qui reste et dans l'espoir d'exercer encore leur brigandage dans le royaume de
                  <placeName>Naples</placeName>, si nous y entrons en vainqueurs! que le gouvernement me soutienne et je
                  ferai pâlir les fripons. » (<persName>Championnet</persName> fut destitué pour avoir expulsé un agent
                  du Directoire prévenu de concussion.)</note>
            </item>
            <item n="18">
               <num>18. </num>
               <name type="author">CHARETTE DE LA CONTRIE (François-Athanase),</name>
               <trait>
                  <p>un des plus fameux chefs vendéens, n. 1763, fusillé à <placeName>Nantes</placeName> en 1796. </p>
               </trait>
               <desc>Lettre signée à <persName>Stofflet</persName>; <placeName>Montorgueil</placeName>, 20 février 1796, 1 p. in-4. Très
                  rare.</desc>
               <note>Précieuse pièce. Il lui annonce l'envoi de la copie des propositions que venait
                  de lui faire le gouvernement républicain. « Ma réponse n'exprime que bien
                  faiblement mon inviolable attachement a la cause glorieuse pour laquelle nous
                  combattons. » Il le prie de donner la plus grande publicité à sa réponse. (Une
                  note contemporaine, inscrite sur cette pièce, indique qu'elle a été trouvée sur
                  Stofflet lorsqu'il était prisonnier.)</note>
            </item>
            <item n="19">
               <num>19. </num>
               <name type="author">CHATEAUBRIAND (François-René, vicomte de),</name>
               <trait>
                  <p>l'illustre écrivain, n. 1768, m. 1848. </p>
               </trait>
               <desc>L. a. s. à <persName>M. de Vauxcelles</persName>, 3 p. 1/2 in-4.</desc>
               <note>Curieuse lettre de sa jeunesse, où il se plaint à son correspondant de son
                  mauvais vouloir à l'égard d'<persName>Atala</persName>. « La Gazette de <placeName>France</placeName> attend votre extrait,
                  demain Font(anes) parle dans le Mercure. Et qui combattra pour <persName>J.-C</persName>. si ses
                  soldats reculent devant l'ennemi. Armez-vous donc, monsieur, mais de grâce ne me
                  comparez pas à un petit singe noir.</note>
            </item>
            <item n="20">
               <num>20</num>
               <name type="author">CHATEAUBRIAND (François-René,</name>
               <trait>
                  <p>vicomte de)</p>
               </trait>
               <desc>L. a. s. à M. <persName>Delamarinière</persName>; <placeName>Aunay</placeName>, 27 août 1809, 1 p. in-4.</desc> 
               <note>Jolie
               lettre</note> </item>
            <item n="21">
               <num>21</num>
               <name type="author">CHATEAUBRIAND (François-René,</name>
               <trait>
                  <p>vicomte de</p>
               </trait>
               <desc>L. a. s. (<persName>à Béranger</persName>) ; <placeName>Genève</placeName>, 16 septembre 1832, 4 p. in-4.</desc>
               <note>Superbe lettre d'un grand intérêt où il l'entretient de l'état de la. <placeName>France</placeName>.
                  Il se demande si le perfectionnement de sa civilisation ne la. ménera pas à la
                  décadence. Puis, revenant sur lui-même, il s'étonne de l'intérêt qu'il prend
                  encore à la politique, lui, qui n'est plus Français que de nom, et homme que d'une
                  vie qui touche à son terme. « Je me suis toujours désolé d'être né, et vous sentez
                  que ces choses que votre politesse me promet après moi, font peu d'impression sur
                  un esprit ainsi disposé.</note>
            </item>
            <item n="22">
               <num>22</num>
               <name type="author">CHERUBINI (Louis),</name>
               <trait>
                  <p>le célèbre compositeur de musique.. n. 1760, m. 1842. </p>
               </trait>
               <desc>9 1.a. s. et 11. aut. à <persName>M. Faurie-Devienne</persName>; <placeName>Paris</placeName>, 1811-1828, 24 p.
                  in-4.</desc>
               <note> Intéressante correspondance, toute musicale, où <persName>Cherubini</persName> prodi¬ gue des
                  conseils à son ami <persName>Faurie</persName>, qui lui soumettait ses compositions. Ces observations
                  sont très remarquables. En voici un exemple; « Examinez l'introduction et vous
                  verrez que j'ai voulu exprimer, autant que la musique peut le faire, avec le lever
                  du soleil, toute la splendeur que cet astre répand sur le globe, en indiquant
                  aussi, d'une manière très succinte, le contentement de la nature et des
                  hommes.</note>
            </item>
            <item n="23">
               <num>23</num>
               <name type="author">CHOPIN (Frédéric),</name>
               <trait>
                  <p>le célèbre pianiste et compositeur de musique, n. 1810, m. 1849. </p>
               </trait>
               <desc>L. aut. à un ami ; <placeName>Paris</placeName>, 2 p. in-8. Très rare.</desc>
               <note>Précieuse pièce. Il lui annonce que <persName>Clésinger</persName> vient d'amener <persName>Solange</persName> (fille de
                  <persName>Georges Sand</persName>), l'enfant et la nourrice, à <placeName>Paris</placeName>, dans une saison où tout le monde
                  se rend à la campagne. Il n'y comprend. rien et il ajoute : « Je vous ai dit que
                  je ne croyais pas à la certaine folie. Il n'y a pas de folie, croyez-moi, mais
                  bien autre chosel Il faut me taire, car je suis dans mon jour de mauvaise
                  vue.</note>
            </item>
            <item n="24">
               <num> 24. </num>
               <name type="author">CLEMENT VI (Pierre Rocer),</name>
               <trait>
                  <p>pape (1342), qui acheta <placeName>Avignon</placeName> à <persName>la reine Jeanne de Naples</persName> et qui eut de vifs
                     démêlés avec <persName>le roi d'Angleterre Edouard III</persName>, n. dans le <placeName>Limousin</placeName>, m. 1352.
                  </p>
               </trait>
               <desc>Bulle, en latin, sur vélin ; <placeName>Avignon</placeName>, sans date, 1 p. gr. in-fol. oblong.
                  Légères déchirures.</desc>
               <note>Important document historique. <persName>Clément VI</persName> prolonge de deux ans la levée du
                  décime sur les biens des ecclésiastiques, qu'il avait accordée à <persName>Hugues, roi de
                  Chypre</persName>, pour faire la guerre aux Turcs et les chasser de <placeName>l'île de
                  Négrépont</placeName>.</note>
            </item>
            <item n="25">
               <num>25</num>
               <name type="author">CLEMENT VIII (Ippolito Aldobrandini),</name>
               <trait>
                  <p>pape (1592), qui reçut l'abjuration de <persName>Henri IV</persName>, n. 1536, m. 1605</p>
               </trait>
               <desc>L. a. s. à <persName>Marie de Médicis</persName>; <placeName>Rome</placeName>, 23 septembre 1600, 1 p. in-fol. Très
                  rare.</desc>
               <note>Superbe lettre où il mande qu'il a député <persName>le comte Aldobrandini</persName>, son neveu,
                  pour faire le mariage entre elle et <persName>le Roi (Henri IV)</persName>. Voeux pour sa
                  prospérité</note>
            </item>
            <item n="26">
               <num>26</num>
               <name type="author">CLÉRAMBAULT (Philippe de Palluau, comte de),</name>
               <trait>
                  <p>maréchal de France, un des meilleurs capitaines du siècle de <persName>Louis XIV</persName>, n.
                     1606, m. 1665</p>
               </trait>
               <desc>L. a. s. à l'ambassadeur de <placeName>Malte</placeName>, 2 p. in-4. Belle et rare pièce.</desc>
               <note> Il a l'esprit fatigué de voir que les ennemis l'ont obligé à mettre la rivière
                  devant ses troupes</note>
            </item>
            <item n="27">
               <num>27</num>
               <name type="author">DALAYRAC (Nicolas),</name>
               <trait>
                  <p>célèbre compositeur de musique, n. 1753, m. 1809</p>
               </trait>
               <desc>L. a. s. Dal. à sa femme ; <placeName>Paris</placeName>, 18 thermidor, 2 p. 1/2 in-4. Intéressante
                  lettre où il parle des représentations d'<persName>Adèle</persName></desc>
            </item>
            <item n="28">
               <num>28</num>
               <name type="author">DANTON (Georges),</name>
               <trait>
                  <p>l'illustre conventionnel, n. 1759, décapité en 1794.</p>
               </trait>
               <desc>L. s. à <persName>Panis</persName>; <placeName>Paris</placeName>, 30 août l'an IV (1792), 1/2 p. in-4.Quelques taches de
                  rousseur.</desc>
               <note>Il lui recommande un père de famille employé à la municipalité : « Songe qu'il
                  est père de famille, qu'il a, en outre, d'autres charges et qu'il n'a de ressource
                  que dans son emploi. Tout cela mérite considération.</note>
            </item>
            <item n="29">
               <num>29</num>
               <name type="author">DAVID (Louis),</name>
               <trait>
                  <p>le grand peintre d'histoire, n. 1748, m. 1825</p>
               </trait>
               <desc>L. a. s. à un ami ; <placeName>Paris</placeName>, 18 février 1808, 3 p. in-4.</desc>
               <note>Précieuse lettre où il lui fait part du succès de son dernier tableau (Le
                  Couronnement). «C'est un triomphe comme on n'en a jamais vu parmi la nation
                  gauloise.» Il raconte la fameuse visite de l'empereur à son atelier. « Sa Majesté,
                  après avoir loué mon ouvrage, après plus d'une heure d'examen, et de l'examen le
                  plus scrupuleux, a daigné, en se retirant, lever son chapeau et témoigner en ma
                  personne le cas qu'il faisait d'un art qui concourt aussi à illustrer un empire. »
                  Curieux détails sur sa situation plus glorieuse que fortunée</note>
            </item>
            <item n="30">
               <num>30</num>
               <name type="author">DESCHAMPS (Emile),</name>
               <trait>
                  <p>célèbre poète et romancier, n. à <placeName>Bourges</placeName>, 1791, m. 1871</p>
               </trait>
               <desc>L. a. s. à <persName>Francis Lacombe</persName>, 1 p. in-12. Jolie lettre d'envoi d'un exemplaire du
                  chef-d'oeuvre de <persName>Brizeux</persName>. « Un juif ne tient pas plus à <placeName>Samarie</placeName> que moi à sa
                  <persName>Marie</persName>.</desc>
            </item>
            <item n="31">
               <num>31</num>
               <name type="author">DUCIS (Jean-François),</name>
               <trait>
                  <p>célèbre poète tragique, membre de l'Académie française, n. 1733, m. 1816.</p>
               </trait>
               <desc>Pour la fête du citoyen <persName>Louis-Marie Revellière-Lepaux</persName>, le dimanche 24 août
                  1806, veille de la Saint-Louis, à la <placeName>Rousselière</placeName>, en <placeName>Sologne</placeName>, etc., pièce de vers
                  aut. sig., 8 p. in-8. </desc>
               <note> Superbe pièce. Une note de Mme <persName>Victoire Babois</persName>, nièce de <persName>Ducis</persName>, indique que
                  cette pièce était encore inédite en 1835 et que Mme <persName>Babois</persName> en a fait don à
                  <persName>Béranger</persName></note>
            </item>
            <item n="32">
               <num>32</num>
               <name type="author">DUMAS (Alexandre),</name>
               <trait>
                  <p>le grand romancier, n. 1803, m. 1870</p>
               </trait>
               <desc>L. a. s. à <persName>M. Duret</persName>; <placeName>Vienne</placeName>, 3 janvier 1866, 2 p. in-4.</desc>
               <note>Intéressante où il discute l'emplacement de la ville d'<placeName>Alésia</placeName>. Il conclut
                  qu'elle devait se trouver à <placeName>Alaise</placeName>, en <placeName>Franche-Comté</placeName>. Il dit que l'Histoire est
                  l'école des rois, et que les grands hommes ont droit à l'intérêt des poètes et des
                  dramaturges. « <persName>Shakespeare</persName> a plus fait pour l'<placeName>Angleterre</placeName> que <persName>Hume</persName> et
                  <persName>Lingard</persName>.</note>
            </item>
            <item n="33">
               <num>33</num>
               <name type="author">DUPLESSIS-MORNAY (Philippe), </name>
               <trait>
                  <p>illustre chef du parti protestant, ami et conseiller de <persName>Henri IV</persName>, surnommé le
                     Pape des Huguenots, n. 1549, m.1623. </p>
               </trait>
               <desc> L. a. s. à <persName>Villarnoul</persName> ; <placeName>Saumur</placeName>, 30 juin 1610, 1 p. in-folio. Belle
                  pièce.</desc>
            </item>
            <item n="34">
               <num>34</num>
               <name type="author">DUROY (Jean-Michel),</name>
               <trait>
                  <p>député de l'Eure à la Convention, un des derniers montagnards, n. 1753,
                     décapité en 1795</p>
               </trait>
               <desc>L. a. s. à <persName>l'abbé de Larue </persName>; <placeName>Bernay</placeName>, 24 octobre 1791,1 p. in-4. Belle et rare
                  pièce</desc>
            </item>
            <item n="35">
               <num>35</num>
               <name type="author">EISEN (Charles), </name>
               <trait>
                  <p>habile dessinateur et graveur, n. à <placeName>Valenciennes</placeName>, 1721, m. 1778. </p>
               </trait>
               <desc>P. a. s. ; <placeName>Paris</placeName>, 24 janvier 1769, 1/2 p. in-8 oblong. Très rare. (Coll.
                  Sensier.)</desc>
               <note>Reçu de 48 livres pour un dessin qui doit servir de frontispice aux
                  Lamentations de <persName>Jérémie</persName> par <persName>Baculard d'Arnaud</persName>.</note>
            </item>
            <item n="36">
               <num>36</num>
               <name type="author">ELISABETH,</name>
               <trait>
                  <p>reine de <placeName>Roumanie</placeName>, écrivain distinguée, connue sous le nom de <persName>Carmen Sylva</persName></p>
               </trait>
               <desc>L. a. s.; <placeName>Sinaïa</placeName>, 21 novembre 1887, 4 p. in-8 oblong. Rare.</desc>
               <note>Belle lettre où elle parle de ses travaux littéraires. Elle remercie son
                  correspondant de l'avoir fait connaître en <placeName>France</placeName>. « C'est par vous que je suis
                  entrée dans votre beau pays et qu'on m'y a fait un si bon accueil, et j'en suis
                  bien heureuse.</note>
            </item>
            <item n="37">
               <num>37</num>
               <name type="author">ESTRADES (Godefroy, marquis d'),</name>
               <trait>
                  <p>maréchal de <placeName>France</placeName>, célèbre diplomate, n. à <placeName>Agen</placeName>, 1607, m. 1686</p>
               </trait>
               <desc>L. a. s. à <persName>M. Duclos-Destouches</persName>, à l'<placeName>Arsenal</placeName>; 18 janvier 1671, 1 p. in-4. Belle
                  pièce</desc>
            </item>
            <item n="38">
               <num>38</num>
               <name type="author">FABERT (Abraham),</name>
               <trait>
                  <p>illustre maréchal de France, n. à <placeName>Metz</placeName>, 1599, m. 1662</p>
               </trait>
               <desc>L. a. s. (à <persName>Mazarin</persName>) ; 24 août (1655), 2 p. in-4. Superbe lettre où il lui
                  recommande la veuve de <persName>M. de Marolle</persName></desc>
            </item>
            <item n="39">
               <num>39</num>
               <name type="author"> FLEURY (Hercule, cardinal de), </name>
               <trait>
                  <p>le premier ministre de <persName>Louis XV</persName>, n. 1653, m. 1743. </p>
               </trait>
               <desc>Lettre aut. ; 8 février (1725?), 3/4 de p. in-8.</desc>
               <note>Curieuse lettre où il fait allusion à l'affaire qu'eut <persName>Voltaire</persName> avec <persName>le
                  chevalier de Rohan</persName>. « <persName>Voltaire</persName> est un fol à qui quelques ducs et pairs ont tourné
                  la cervelle et l'ont rendu insolent. » Il blâme cependant son adversaire, qui
                  n'est pas excusable de la manière dont il s'est vengé</note>
            </item>
            <item n="40">
               <num>40</num>
               <name type="author">FOUCHE (Joseph),</name>
               <trait>
                  <p>duc d'Otrante, ministre de la police de <persName>Napoléon Ier</persName>, n. 1763, m. 1820</p>
               </trait>
               <desc>L. a. s. (à <persName>Barras</persName>) ; <placeName>Paris</placeName>, 8 prairial, 1 p. in-4.</desc>
               <note>Curieuse pièce où il proteste contre une demande d'emploi qu'on aurait fait
                  courir sous son nom. Il n'a rien demandé. « Vous aurez peut-être l'explication de
                  cette méprise, en vous rappelant qu'il a existé sur les bancs de la Convention, un
                  homme qui portoit mon nom, ou plutôt, qui avoit peine à le supporter, car il avoit
                  grand peur que <persName>Roberspierre</persName> (sic) ne le prit pour moi »</note>
            </item>
            <item n="41">
               <num>41</num>
               <name type="author">FOUCQUET (Nicolas),</name>
               <trait>
                  <p>le fameux surintendant des finances de <persName>Louis XIV</persName>, n. 1615, m. 1680</p>
               </trait>
               <desc>L. a. s. à <persName>M. de Vieuxpont</persName>; au camp de <persName>la Bassée</persName>, 26 août 1647, 2 p. in-4,
                  cachet et soies.</desc>
               <note>Superbe lettre où il lui annonce l'échec de sa négociation en vue de faciliter
                  son retour à l'armée</note>
            </item>
            <item n="42">
               <num>42</num>
               <name type="author">GASSION (Jean, comte),</name>
               <trait>
                  <p><persName>maréchal de France</persName>, qui prit une part glorieuse à la bataille de <placeName>Rocroy</placeName>, n.
                     1609, m. 1647</p>
               </trait>
               <desc>L. a. s. à <persName>M. de la Bergère</persName>; au camp de la<placeName> Gorgie</placeName>, 9 juin, 1 p. petit in-4,
                  cachets, dont un assez bien conservé. Belle et rare pièce, dont une partie est
                  chiffrée</desc>
            </item>
            <item n="43">
               <num>43</num>
               <name type="author">GRANCEY (Jacques Rouxel de Médavr, comte de),</name>
               <trait>
                  <p>maréchal de France, n. 1602, m. 1680</p>
               </trait>
               <desc>L. a. s. à <persName>Piccolomini</persName>; <placeName>camp de Mosen</placeName>, 21 juin 1639, 1 p. in- folio. Rare.
                  Belle lettre où il lui demande la liberté d'un capitaine de son régiment nommé
                  Courcelle</desc>
            </item>
            <item n="44">
               <num>44. </num>
               <name type="author"> GUARINI (Battista),</name>
               <trait>
                  <p>le Jeune, célèbre poète italien, auteur du Pastor fido, n. 1537, m. 1612. </p>
               </trait>
               <desc>L. a. s. à <persName>Crispotti</persName>; <placeName>Casteldurante</placeName>, 17 mai 1603, 1 p. 1/2 in-4. Très
                  rare.</desc>
               <note>Très intéressante lettre où il parle des oeuvres en prose et en vers de
                  <persName>Bonciarii</persName> et se réjouit de voir que la pureté latine persiste encore au moins à
                  <placeName>Pérouse</placeName></note>
            </item>
            <item n="45">
               <num>45. </num>
               <name type="author">HOOGHE (Romeyn de), </name>
               <trait>
                  <p> célèbre graveur flamand, n. 1650, m. 1720. </p>
               </trait>
               <desc>P. a. s.; 1702, 1/2 p. in-4 oblong. Très rare. (Coll. B. Fillon.)</desc>
            </item>
            <item n="46">
               <num>46</num>
               <name type="author">HUET (Daniel),</name>
               <trait>
                  <p>le savant évêque d'Avranches, membre de l'Académie française, n. 1630, m.
                     1721</p>
               </trait>
               <desc>L. a. s. au révérend père... ; <placeName>Paris</placeName>, 19 juillet 1714, 1 p. 1/2 in-4.</desc>
               <note>Belle lettre où il fait l'éloge de <persName>M. Sallier</persName> (membre de l'Académie française).
                  Il parle ensuite de la publication projetée de sa correspondance; il ne voudrait
                  faire cette publication qu'avec le concours de son correspondant. « Il est assez
                  rare qu'un homme vivant veuille se livrer lui-même au public et luy faire
                  confidence du commerce particulier qu'il a eu avec ses amis, et mesmes avec ses
                  amies savantes.</note>
            </item>
            <item n="47">
               <num>47</num>
               <name type="author">HUGO (Victor),</name>
               <trait>
                  <p>le grand poète, n. 1802, m. 1885</p>
               </trait>
               <desc>L. a. s. <persName>Victor-M. Hugo</persName> à un poète, 1 p. 1/2 in-4.</desc>
               <note>Belle lettre de sa jeunesse, où il lui annonce que ses amis et lui l'ont
                  inscrit comme souscripteur honoraire à leur journal. Il lui envoie quelques
                  autographes qu'il aurait voulu choisir plus intéressants, mais sa pudeur l'en a
                  empêché. « Mes amis joignent trop souvent à l'expression de leur affection des
                  louanges dont je suis trop indigne pour en faire part à un juge aussi éclairé que
                  vous.</note>
            </item>
            <item n="48">
               <num>48</num>
               <name type="author">HUMIERES (Louis de Crevant, duc de),</name>
               <trait>
                  <p>maréchal de France, m. 1694</p>
               </trait>
               <desc>L. a. s. à son père; au <placeName>Sas Gand</placeName>, 20 juillet (1646), 2 p. in-4.</desc>
               <note>Belle lettre militaire. Il annonce que le prince d'Orange est malade et qu'il
                  n'a plus que pour peu de temps à vivre. « Il n'a aucune partie de son corps saine,
                  hors le coeur qui est toujours si grand qu'on ut toutes les penes du monde à
                  l'empescher de partir.</note>
            </item>
            <item n="49">
               <num>49</num>
               <name type="author">ISNARD (Maximin),</name>
               <trait>
                  <p>célèbre conventionnel girondin, n. à <placeName>Grasse</placeName>, 1751, m. 1825</p>
               </trait>
               <desc>L. a. s. à un journaliste ; <placeName>Draguignan</placeName>, 31 mai 1790, 4 p. in-4. Rare. Très
                  intéressante lettre où il fait le récit de la cérémonie de la confédération des
                  gardes nationaux des districts de <placeName>Draguignan</placeName> et de <placeName>Fréjus</placeName>. Il transcrit les
                  paroles qu'il a prononcées à l'issue du banquet. Curieux détails.</desc>
            </item>
            <item n="50">
               <num>50.</num>
               <name type="author">JEANBON SAINT-ANDRE (André),</name>
               <trait>
                  <p>député du Lot à la Convention, organisateur de la marine de la Révolution, n.
                     1749, m. 1813. L. a. s. à <persName>Rousselin</persName>; <placeName>Mayence</placeName> (an X), 3 p. 1/2 in-4, tête
                     imprimée et vignette.</p>
               </trait>
               <desc>Importante lettre écrite en réponse à une demande de renseignements sur <persName>Danton</persName>.
                  Il peint le caractère de <persName>Danton</persName> et l'oppose à celui de <persName>Mirabeau</persName>. « <persName>Mirabeau</persName> valait
                  beaucoup moins que <persName>Danton</persName> du côté du coeur; il n'avait point ce fond de
                  sensibilité qu'on ne peut refuser à l'autre, et cependant Danton pouvait se porter
                  dans un moment de chaleur et d'enthousiasme à des excès que <persName>Mirabeau</persName> aurait évités
                  parce qu'il avait l'usage et les moeurs du grand monde et par conséquent la
                  froideur et l'esprit de calcul que suppose ce genre d'éducation. » Intéressant
                  récit de la chute des <persName>Girondins</persName> et de <persName>Danton</persName> que <persName>Jeanbon Saint-André</persName> attribue à
                  son caractère fort, sa tête altière qui « ne lui permettaient pas de descendre à
                  des petites combinaisons de finesse et de ruse qu'on employait contre lui. »
                  Touchante anecdote sur sa dernière entrevue avec <persName>Danton</persName> à la Convention</desc>
            </item>
            <item n="51">
               <num>51.</num>
               <name type="author">JOSEPHINE, </name>
               <trait>
                  <p>impéralrice des Français, première femme de <persName>Napoléon 1er</persName>, n. 1763, m. 1814.
                  </p>
               </trait>
               <desc>P. s., avec une ligne autographe, signée aussi par <persName>Talma</persName>, le grand tragédien,
                  et par <persName>Julie Talma</persName>, sa femme ; <placeName>Paris</placeName>, 1er nivôse an IV, 3 p. in-fol.</desc>
               <note> Précieuse pièce. Conventions additionnelles au bail d'une maison fait par
                  <persName>Madame Talma</persName> à la <persName>veuve Beauharnais</persName>. (Il s'agit du fameux petit hôtel de la rue de
                  la Victoire où <persName>Bonaparte</persName> prépara plus tard le coup d'Etat du 18 brumaire.) </note>
            </item>

            <item n="52">
               <num>52.</num> 
               <name type="author"> JOUBERT (Barthélemy-Catherine),</name>
               <trait>
                  <p>célèbre général des guerres de la République, n. 1769, tué à <placeName>Novi</placeName> en 1799.</p>
               </trait> 
                     <desc>L.
                     a. s. au Directoire; quartier général de <placeName>Turin</placeName>, 1er nivôse an VII, 3/4 de p.
                     in-folio, tête imprimée.</desc>
               <note>Superbe lettre où il confirme sa démission de général en chef de l'armée
                  d'Italie</note>
            </item>

            <item n="53">
               <num>53</num>
               <name type="author">JOYEUSE (Guillaume, vicomte de),</name>
               <trait>
                  <p>évêque d'Aleth, puis maréchal de France, grâce au crédit de son fils, l'<persName>amiral
                     Anne de Joyeuse</persName>, m. 1592</p>
               </trait>
               <desc>L. a. s. aux consuls de la ville d'<placeName>Albi</placeName>; <placeName>Toulouse</placeName>, 2 octobre, 1 p. in-4,
                  cachet. Très rare. Superbe pièce relative aux troubles qui agitaient leur
                  ville</desc>
            </item>
            <item n="54">
               <num>54</num>
               <name type="author">KOTZEBUE (August-Friedrich-Ferdinand von),</name>
               <trait>
                  <p>auteur dramatique et fameux pamphlétaire allemand, n. 1761, assassiné en
                     1819</p>
               </trait>
               <desc>L. a. s., en français, à <persName>Bouilly</persName>; <placeName>Schwarzen</placeName> en <placeName>Esthonie</placeName>, 17 février 1808, 3 p.
                  in-8. Jolie lettre où il déplore la guerre qui a interrompu leurs relations
                  épistolaires</desc>
            </item>
            <item n="55">
               <num>55</num>
               <name type="author">LEFEBVRE (François-Joseph),</name> 
               <trait><p>duc de Dantzig, célèbre général républicain,
                  maréchal de l'Empire, n. 1755, m. 1820. </p></trait>
                  <desc>L. a. s. à <persName>Hoche</persName>; 13 fructidor, 1 p. in-4.
                  Belle pièce.</desc>
            </item>
            <item n="56">
               <num>56</num>
               <name type="author">LEMIERRE (Antoine-Marin),</name> 
               <trait><p>célèbre poète tragique, membre de l'Académie
                  française, n. 1723, m. 1793.</p></trait> 
                  <desc>L. a. s. à <persName>M. Bosquillon</persName>; 3 mai 1787, 2 p. 1/2 in-4.
                  (Coll. Gilbert.)</desc>
            </item>

            <item n="57">
               <num>57.</num> 
               <name type="author"> LEON X (Giovanni di Medici),</name>
               <trait>
                  <p>pape, protecteur des arts et des lettres, n. 1475, m. 1521. </p>
               </trait>
                     <desc>Bulle, en latin,
                     sur vélin ; <placeName>Rome</placeName>, 18 des calendes de juillet 1516, 1 p. grand in-folio, sceau
                     en plomb.</desc> 
               <note>Important document historique. Traité d'alliance entre <persName>Léon X</persName> et la République
                  de <placeName>Sienne</placeName>. Les principaux négociateurs sont <persName>Pierre Borghese</persName> et <persName>Raphaël
                  Petrucci</persName>.</note>
            </item>

            <item n="58">
               <num>58</num>
               <name type="author">LEON XIII (Gioacchino Pecci),</name>
               <trait>
                  <p>le pape actuel</p>
               </trait>
               <desc>L. a. s., comme nonce apostolique, au <persName>cardinal Luigi Vannicelli</persName>; <placeName>Bruxelles</placeName>, 18
                  mai 1844, 1 p. in-folio. Rare.</desc>
               <note>Intéressante lettre, où il le remercie des renseignements qu'il lui donne sur
                  le rétablissement de l'ordre dans la province de <placeName>Bologne</placeName>. Les feuilles libérales
                  dépeignaient l'état politique de l'<placeName>Italie</placeName>, et spécialement des Etats pontificaux,
                  sous d'autres couleurs. Il profitera de sa communication pour rectifier les
                  fausses impressions produites par des publications exagérées</note>
            </item>
            <item n="59">
               <num>59</num>
               <name type="author">LOUVET (Madame),</name> 
               <trait><p>femme de l'auteur de Faublas, célèbre sous le nom de <persName>Lodoïska</persName>.</p></trait>
                  <desc>Lettre aut. à la <persName>citoyenne Talma</persName>, 3 p. 1/2 in-8. </desc>
                  <note>Très curieuse lettre écrite à
                  propos d'un ouvrage de <persName>Rousselin</persName>. Elle fait un attachant récit de la lutte des
                  <persName>Girondins</persName> contre <persName>Danton</persName> et pose en principe que si <persName>Hoche</persName> a triomphé à <placeName>Quiberon</placeName>, il
                  le doit à <persName>Louvet</persName> et aux mesures qu'il a fait prendre. Piquants détails.</note>
            </item>
            <item n="60">
               <num>60.</num> 
               <name type="author">LUCE III,</name>
               <trait>
                  <p>pape (1181), qui établit l'inquisition, m. 1 185. </p>
               </trait>
                     <desc>Charte, sur vélin, en latin;
                     <placeName>Anagni</placeName>, 12 des calendes de janvier, 1 p. in-4 oblong. </desc>
               <note> Confirmation des privilèges pour le carême concédés aux chanoines de l'église
                  de <placeName>Saint-Cloud</placeName> par les évêques de <placeName>Paris</placeName>, <persName>Thibaud</persName>, <persName>Pierre Lombard</persName> et <persName>Maurice de
                  Sully.</persName></note>
            </item>

            <item n="61">
               <num>61</num>
               <name type="author">MAINTENON (Françoise d'Aubigné, marquise de),</name>
               <trait>
                  <p>l'épouse de <persName>Louis XIV</persName>, n. 1635, m. 1719</p>
               </trait>
               <desc>L. a. s. à <persName>l'évêque de Chartres</persName>; <placeName>Saint-Cyr</placeName>, 2 juillet 1706, 3 p. in-4.
                  Déchirure et légère tache en tête du premier feuillet.</desc>
               <note>Intéressante lettre où elle lui dit que la cordialité de ses lettres rachète la
                  sécheresse de sa conduite à son égard</note>
            </item>
            <item n="62">
               <num>62</num>
               <name type="author">MAISTRE (Joseph, comte de),</name>
               <trait>
                  <p>l'illustre philosophe, auteur des Soirées de <placeName>Saint-Pétersbourg</placeName>, n. 1754, m.
                     1821</p>
               </trait>
               <desc>L. a. s. M. ; <placeName>Saint-Pétersbourg</placeName>, 28 avril 1808, 2 p. in-4.</desc>
               <note>Curieuse lettre, où il l'informe qu'il vient de découvrir qu'il est parent de
                  <persName>Napoléon</persName> par <persName>l'impératrice Joséphine</persName>. Il croit de son devoir de signaler au roi
                  (de <placeName>Sardaigne</placeName>) cette parenté qu'il veut tenir secrète. Intéressants détails</note>
            </item>
            <item n="63">
               <num>63.</num> 
               <name type="author">MAISTRE (Joseph, comte de). </name>
              <desc> Mémoires sur la position de la maison de <placeName>Savoie</placeName>
                  au mois d'octobre 1813, et sur les mesures qu'elle doit prendre à cette époque,
                  manuscrit autographe; <placeName>Saint-Pétersbourg</placeName>, 31 octobre 1813, 18 p. in-folio.</desc>
                  <note>Précieuse pièce. Véritable consultation au sujet de la direction à donner à la
                  politique étrangère de la <placeName>Sardaigne</placeName>. Il pose en principe que son pays n'a pas
                  d'amis décidés parce qu'il n'a pas pris de parti décidé. Il conseille de quitter
                  la politique d'attente et de chercher résolument une alliance avec une grande
                  puissance européenne : l'<placeName>Autriche</placeName>, l'<placeName>Angleterre</placeName>, la <placeName>Russie</placeName> et, au pis-aller, la
                  <placeName>France</placeName>. Les avantages et les inconvénients des alliances avec chacune de ces
                  puissances sont soigneusement élucidées. Ce document diplomatique de premier ordre
                  a dû rester secret et il est indispensable de le consulter pour connaître
                  l'histoire de la diplomatie sarde vers la fin du premier empire</note>
            </item>
            <item n="64">
              <num>64. </num>
             <name type="author"> MALEZIEU (Nicolas),</name>
              <trait><p>littérateur, membre de l'Académie française,
                  l'organisateur des fêtes données à <placeName>Sceaux</placeName> par la duchesse du Maine, n. 1650, m.
                  1727. </p></trait>
                  <desc>P. a. s. ; <placeName>Versailles</placeName>, 1er décembre 1695, 1/2 p. in-4. Rare. </desc>
                  <note>Il donne
                  l'ordre de faire un versement aux religieuses ursulines de <placeName>Trévoux</placeName></note>
            </item>
            <item n="65">
               <num>65. </num>
               <name type="author">MARIE-THERESE, </name>
               <trait><p>impératrice d'Allemagne, dite la Grande, n. 1717, m. 1780.</p></trait>
                  <desc>L. a. s., en français (au <persName>prince Frédéric de Deux-Ponts</persName>); (juillet 1760), 1 p.
                  in-4.</desc>
               <note>Pièce historique où elle le félicite de l'heureuse délivrance de <placeName>Dresde</placeName>, qui
                  lui fait tant d'honneur. « Dieu veuille vous assister encore de plus. La prise de
                  <placeName>Torgau</placeName> me paraît nécessaire dans ces circonstances. Il faudrait mettre une forte
                  et bonne garnison à <placeName>Dresde</placeName>. la réparer et renvoyer ce qui est inutile et sur tout
                  le train d'artiglerie... Il nous importe infiniment de nous maintenir en <placeName>Saxe</placeName> et
                  de ne rien risquer...</note>
            </item>
            <item n="66">
               <num>66.</num> 
               <name type="author">MAXIMILIEN II,</name>
               <trait><p>empereur d'Allemagne, n. 1527, m. 1576. </p></trait>
               <desc>L. a. s., en espagnol, au roi d'Espagne; <placeName>Spire</placeName>, 5 août, 1 p.
               in-folio, cachet bien conservé. Légère déchirure n'atteignant pas le texte.</desc>
                  <note>Belle lettre où il parle de la <persName>princesse Marguerite</persName></note>
            </item>
            <item n="67">
               <num>67</num>
               <name type="author">MONTESQUIEU (Charles Secondat, baron de),</name>
               <trait>
                  <p>l'illustre écrivain, membre de l'Académie française, n. 1689, m. 1755</p>
               </trait>
               <desc>L. a. s. à l'abbé de Saint-Amans; <placeName>Bordeaux</placeName>, 13 mai 1631, 1p. in-8, cachet bien
                  conservé. Jolie et très rare pièce.</desc>
               <note>Il lui demande un délai de quelques semaines pour s'occuper d'une affaire qui
                  leur est commune</note>
            </item>
            <item n="68">
               <num>68</num>
               <name type="author">MOREAU (Victor),</name>
               <trait>
                  <p>illustre général républicain, n. 1763, blessé mortellement dans les rangs
                     ennemis à la bataille de <placeName>Dresde</placeName>, 1813</p>
               </trait>
               <desc>L. a. s. à <persName>Kleber</persName>; quartier général de l'armée de <placeName>Rhin</placeName> et <placeName>Moselle</placeName>, 10 nivôse an
                  V, 3 p. in-4, vignette gravée.</desc>
               <note>Importante lettre militaire où il lui annonce que le Directoire vient de le
                  nommer général en chef des armées de <placeName>Sambre-et-Meuse</placeName> et de <placeName>Rhin-et-Moselle</placeName>. Il lui
                  donne ses instructions pour envoyer des renforts à l'armée d'<placeName>Italie</placeName></note>
            </item>
            <item n="69">
               <num>69</num>
               <name type="author">NEY (Michel),</name>
               <trait>
                  <p>duc d'Elchingen, prince de la Moskowa, illustre maréchal de l'Empire, n. 1769,
                     m. 1815</p>
               </trait>
               <desc>L. a. s. au <persName>général Lecourbe</persName>; <placeName>Sinsheim</placeName>, 10 frimaire an VIII, (30 novembre
                  1799), 1 p. in-4.</desc>
               <note>Belle lettre militaire. Il l'assure qu'il fera l'impossible pour contenir
                  l'ennemi en cas d'attaque. « Le concert et l'harmonie dans vos mouvements, nous
                  offre assez de force pour tenir jusqu'à l'arrivée des renforts promis.</note>
            </item>
            <item n="70">
               <num>70</num>
               <name type="author">NEY (Michel</name>
               <desc>L. a. s. à <persName>Auguié</persName> ; <placeName>Salzbourg</placeName>, 10 février 1806, 1 p. in-8.</desc>
               <note>Jolie lettre intime où il parle de sa femme <persName>Eglé Auguié</persName>. Il dit qu'il s'occupe
                  de revenir en <placeName>France</placeName> et qu'il attend les derniers ordres « Les Prussiens
                  paraissent prendre le parti de la sagesse; c'est de rentrer dans leurs
                  coquilles.</note>
            </item>
            <item n="71">
               <num>71.</num> 
               <name type="author">NIVERNOIS (Louis-Jules Barbon Mancini-Mazarin, duc de),</name>
               <trait><p>célèbre diplomate et homme d'Etat, membre de l'Académie française, n. 1716, m. 1798. </p></trait>
               <desc>Lettre autographe à sa nièce, la duchesse de Polignac; 6 juin 1787, 1 p. in-8.</desc>
               <note>Jolie lettre où il parle de son entrée au ministère; il craint que sa
                  vieillesse et sa santé délicate rendent son sacrifice inutile. Il la félicite sur
                  sa situation. « Je sçais tous vos succès, je les prévoyais bien; mais ils ne m'en
                  font pas moins de plaisir et j'y prends la part la plus sensible.</note>
            </item>
            <item n="72">
               <num>72</num>
               <name type="author">PANIS (Etienne-Jean),</name>
               <trait><p>membre de la commune du DixAoût, député de <placeName>Paris</placeName> à la
                  Convention, n. 1757, m. 1832.</p> </trait>
                  <desc>L. a. s. à <persName>Barras</persName>; <placeName>Paris</placeName>, 19 fructidor an IV, 3 p.
                  in-4.</desc>
               <note>Très curieuse lettre où il lui expose sa triste situation. Il lui rappelle les
                  services qu'il a rendus à la Révolution et le conjure de ne pas le laisser mourir
                  de faim. Il lui demande emphatiquement de penser à lui la nuit, s'il est trop
                  occupé pour le faire dans le jour. « Que ma pensée t'occupe un moment, la nuit
                  entre tes rideaux : vois alors mon squelette vivant qui les entr'ouvre et qui te
                  montre des enfants desséchés, dont deux filles, te demande pour eux un morceau du
                  pain de cette patrie, pour laquelle il s'est immolé.</note>
            </item>
            <item n="73">
               <num>73</num>
               <name type="author">PICHEGRU (Charles),</name>
               <trait><p>général républicain, qui conquit la <placeName>Hollande</placeName>, n. 1761, m.
                  1804.</p></trait>
                  <desc>L. a. s. à <persName>Hoche</persName>; <placeName>Vendenheim</placeName>, 21 frimaire an II (10 janvier 1794), 1 p.
                  in-folio, tête et vignette imprimées</desc>
               <note>Pièce histrique où il accuse le <persName>général Taponier </persName>de lui avoir fait manquer la
                  veille une belle journée par son inaction. Il prie le <persName>général Hoche</persName> de renforcer
                  la division de ce général. Lorsque ce renfort sera arrivé il attaquera <placeName>Haguenau</placeName>. «
                  Allons, mon ami, les moments sont précieux. Profitons-en, n'en perdons aucun. Déjà
                  les satellites des tyrans se plaignent de ce que nous les tourmentons souvent;
                  redoublons d'efforts et ne leur laissons pas le temps de respirer.</note>
            </item>
            <item n="74">
               <num>74</num>
               <name type="author">PIEVII,</name>
               <trait><p>pape, qui sacra <persName>Napoléon 1er</persName>, n. 1742, m. 1823.</p></trait>
               <desc>L. a. s. (au cardinal
                  Fesch?); <placeName>Rome</placeName>, 2 décembre 1807, 2 p. 3/4 in-4.</desc>
               <note> Quelques trous causés par l'encre corrosive enlèvent quelques môts.
                  Précieuse lettre historique où <persName>Pie VII</persName> se plaint que, depuis son retour de <placeName>Paris</placeName> à
                  <placeName>Rome</placeName> après le sacre, <persName>l'empereur Napoléon</persName> l'abreuve de douleur et d'amertume. Voilà
                  le fruit de son voyage. L'empereur est irrité de ce qu'il n'a pas fait droit à
                  toutes ses demandes, « mais nous ne pouvons faire plaisir aux hommes pour déplaire
                  à Dieu.Aussi abandonne-t-il sa cause entre les mains de Dieu, dont il attend le secours à tant d'angoisses.
               </note>
            </item>

            <item n="75">
               <num>75</num>
               <name type="author">RACINE (Louis),</name>
               <trait>
                  <p>fils de l'illustre poète, auteur du poème de la Grâce, n. 1692, m. 1763</p>
               </trait>
               <desc>L. a. s. (à <persName>Piton du Pillet</persName>); 18 septembre, 3 p. in-4.</desc>
               <note>Superbe lettre dans laquelle il lui annonce qu'il marie sa fille dans dix
                  jours. « Sa beauté, ni ses richesses n'ont pu éblouir <persName>M. d'Hariague</persName> qui me l'a
                  demandée. Je ne puis qu'attribuer à l'estime et à l'amitié le bonheur que j'aurai
                  de l'avoir pour gendre.</note>
            </item>
            <item n="76">
               <num>76.</num> 
               <name type="author">RICHELIEU (<persName>Armand-Emmanuel-Sophie Septimanie Vianerot Du Plessis, duc de</persName>),</name>
                  <trait><p>célèbre homme d'Etat, ministre de <persName>Louis XVIII</persName>, n. 1766, m. 1822.</p></trait> <desc>8 l. a. s., dont
                  4 des initiales, à son frère, <persName>le général marquis de Jumilhac</persName>; <placeName>Paris</placeName>, 1815-1820,8
                  p. in-4.</desc>
               <note>Curieuse correspondance où il s'entretient avec son frère des difficultés qu'il
                  rencontre pour gouverner. Il lui annonce l'arrangement conclu entre la <placeName>France</placeName> et
                  les alliés. « Voilà la <placeName>France</placeName> replacée fort honorablement dans la grande famille
                  européenne. Dieu veuille seulement qu'elle puisse s'y tenir, et qu'elle veuille
                  bien être assez sage, pour ne pas gâter par des folies la position où elle se
                  trouve. <persName>Le duc de Richelieu</persName> donne quelques conseils à son frère pour s'attirer l'estime
                  de ses troupes et s'assurer leur fidélité. « Il me semble qu'il seroit fort utile
                  que vous pussiez parcourir souvent votre vaste et importante division, voir
                  beaucoup les troupes et donner à manger aux officiers, car c'est à table qu'on
                  apprend à se connaître. » Curieux détails sur la politique. Il parle aussi de son
                  neveu Odet, qui lui succéda dans ses titres et à la pairie</note>
            </item>
            <item n="77">
               <num>77.</num> 
               <name type="author">RICHEPIN (Jean),</name>
               <trait><p>célèbre poète et auteur dramatique. </p></trait>
               <desc>Pose, pièce de vers
                  aut. sig., 1 p. in-4. Superbe pièce.</desc>
            </item>
            <item n="78">
               <num>78.</num> 
               <name type="author">ROUGET DELISLE (Joseph),</name>
               <trait><p>lauteur de la Marseillaise, n. 1760, m. 1836.</p></trait> 
               <desc>12 l. a. s., dont plusieurs des initiales, à<persName> M. Lefebvre</persName> ; <placeName>Choisy- le-Roi</placeName>, 1829-1831,
                  21 p. in-8. </desc>
                  <note>Intéressantes lettres où il s'entretient des hommes et des choses de
                  la Révolution sur lesquels il compose un ouvrage.</note>
            </item>

            <item n="79">
               <num> 79. </num>
               <name type="author">SAINTE-BEUVE(Charles-Augustin),</name>
               <trait>
                  <p>le célèbre poète et critique, membre de l'Académie française, n. 1804, m. 1869.
                  </p>
               </trait>
               <desc>A <persName>Béranger</persName>, pièce de vers autographe signée; 12 novembre 1832, 6 p. in-8.
                  Superbe pièce dont voici le commencement :</desc> 
               <note>« L'Étre complet dans la nature
                     immense, « Le germe heureux, fils de l'onde ou des airs, « Tout fruit parfait,
                     béni dans sa semence, « Le gland du chène ou la perle des mers, « Petit ou
                     grand, il est un Univers</note>
            </item>
            <item n="80">
               <num>80</num>
               <name type="author">SAND (George),</name>
               <trait>
                  <p>la grande romancière, n. 1804, m. 1876</p>
               </trait>
               <desc>L. a. s. (à<persName> M. Limayrac</persName>) ; <placeName>Nohant</placeName>, 31 décembre 1834, 2 p. in-8. Belle
                  lettre</desc>
            </item>
            <item n="81">
               <num>81</num>
               <name type="author">SERVIEN (Abel),</name>
               <trait>
                  <p>célèbre homme d'Etat, négociateur du traité de <placeName>Munster</placeName>, membre de l'Académie
                     française, n. à <placeName>Grenoble</placeName>, 1593, m. 1659</p>
               </trait>
               <desc>L. a. s. à <persName>Chavigny</persName> ; <placeName>Angers</placeName>, 15 avril 1641, 1 p. 1/4 in-fol., cachets
                  brisés.</desc>
               <note>Superbe lettre où il mande qu'il a éprouvé beaucoup de regret d'avoir été privé
                  pendant quelque temps de l'honneur de ses bonnes grâces. « Monsieur le Mareschal,
                  à qui j'ay tousjours découvert le fonds de mon âme, a cogneu le déplaisir que
                  j'avois ressenti de les avoir perdues et la joye que j'ay receue lors que vostre
                  bonté me les a redonnées...</note>
            </item>
            <item n="82">
               <num>82</num>
               <name type="author">SIEYES (Emmanuel),</name>
               <trait>
                  <p>célèbre constituant et conventionnel, membre du Directoire, n. 1748, m.
                     1836</p>
               </trait>
               <desc>L. a. s. à la <persName>citoyenne Talma </persName>; 2 fructidor, 1 p. 1/2 in-4. Peu commun.</desc>
               <note>Piquante épître où il invite la <persName>citoyenne Talma</persName> à venir passer la journée au
                  Pecq. « Si elle veut condescendre à déraisonner j'aurai l'honneur de faire sa
                  partie, pas mal... J'allois continuer, mais je crois plus commode de finir dans la
                  voiture...</note>
            </item>
            <item n="83">
              <num> 83. </num>
               <name type="author">STOFFLET (Nicolas),</name>
               <trait><p>célèbre général vendéen, n. 1752, fusillé le 24 février
                  1796. </p></trait>
                  <desc>Lettre signée; <placeName>La Morousière</placeName>, 29 brumaire an IV (19 novembre 1795), 2 p.
                  in-4. Très rare.</desc>
               <note>Précieuse lettre. Il informe son correspondant, pour qu'il en fasse part au
                  <persName>général Hoche</persName>, que les communes situées au-delà de la <placeName>Divarde</placeName> et autour du <placeName>Laroux</placeName>
                  ont toujours fait partie du territoire soumis à ses ordres. La seule violence a pu
                  pendant quelque temps les détacher de lui. Ces communes sollicitent son
                  intervention pour obtenir la paix; <persName>Stofflet</persName> demande quelles conditions on leur
                  impose. « Alors nous agirons de concert ensemble, leur randant leurs malheureux
                  parans, ou concitoyens incarcérés; ils publiront sans cesse votre clémence et vous
                  feront autant de prosélites qu'ils auront de vrais amis. » (<persName>Stofflet</persName>, malgré ses
                  protestations, reprit les armes contre les républicains, peu de temps après cette
                  lettre, il fut fait prisonnier
               et fusillé à <placeName>Angers</placeName>.) </note>
            </item>

            <item n="84">
               <num>84.</num> 
               <name type="author">SURIAN (Jean-Baptiste),</name>
               <trait>
                  <p>évêque de Vence, célèbre prédicateur, membre de l'Académie française, n. 1670,
                     m. 1754. </p>
               </trait>
               <desc>L. a. s. au doyen de la collégiale à <placeName>Saint-Paul</placeName>; 19 septembre 2 p. 1/2 in-4.
                  Belle lettre</desc>
            </item>
            <item n="85">
               <num>85</num>
               <name type="author">TALLEYRAND (Charles-Maurice de),</name>
               <trait>
                  <p>prince de Bénévent, le célèbre diplomate, n. 1754, m. 1838</p>
               </trait>
               <desc>L. a. s. à <persName>Brune</persName>; 23 vendémiaire an VIII (14 octobre 1799), 1 p. 1/2 in-4,
                  cachet.</desc>
               <note>Superbe lettre où il le félicite de ses succès dans les <placeName>Pays-Bas</placeName>. (<persName>Brune</persName> avait
                  défait les Anglo-Russes à <placeName>Astricum</placeName> le 6 octobre). « Et <persName>Bonaparte</persName> dont on apprend
                  l'arrivée en <placeName>France</placeName> le jour même où nous savons que vous avez détruit l'armée
                  anglaise! que de bonheur à la fois, et quelle belle destinée se prépare pour nous.
                  » (<persName>Bonaparte</persName> fit son coup d'Etat du 18 brumaire le 9 novembre suivant.)</note>
            </item>
            <item n="86">
               <num>86.</num> 
               <name type="author">TALLIEN (Jean-Lambert),</name>
               <trait><p>conventionnel, un des principaux auteurs du 9
               thermidor, n. 1769, m. 1820.</p></trait>
               <desc>L. a. s. à <persName>Paré</persName>; (an V), 1/2 p. in-4. Curieuse
                  pièce.</desc>
               <note>Il lui annonce qu'il a suivi son conseil et qu'il a versé la somme de
                  600,000 francs, en se génant beaucoup. « Au moins je n'aurai pas d'obligation à <persName>M.
                  Sot</persName> : in (le ministre de la police). Je désire qu'on exerce la même rigueur à
                  l'égard de tous les aristocrates agioteurs.</note>
            </item>
            <item n="87">
               <num>87.</num> 
               <name type="author">TALMA (François),</name>
              <trait><p> le célèbre tragédien, n. 1763, m. 1826.</p></trait>
               <desc>1° L. a. s., 1 p.in-8. Jolie lettre.
                  2° L. a. s. du <persName>vicomte de la Rochefoucauld</persName> à <persName>Talma</persName>; 19 janvier
                  1825, 3 p. in-4. </desc>
                  <note>Jolie lettre où il le complimente sur son rôle d'<persName>Oreste</persName></note>
            </item>
            <item n="88">
              <num> 88. </num>
               <name type="author">TOURNEMINE (René-Joseph),</name>
               <trait><p>savant jésuite et célèbre écrivain, n. à <placeName>Rennes</placeName>,
                  1661, m. 1739.</p></trait>
                  <desc>2 1. a. s. à <persName>Jean-Baptiste Rousseau</persName>, 5 p. in-4.</desc>
               <note>Curieuses lettres où il l'invite à publier son Ode sur la paix. Il lui trace le
                  plan d'un poème où il défendrait la religion contre les prétendus esprits forts. «
                  Je n'exige pas que vous entriez dans une discussion exacte des preuves invincibles
                  qui l'établissent, vous les rendriez sensibles. Je voudrais un tableau fidèle des
                  ennemis de la religion, de l'origine de leurs doutes, de la témérité de leurs
                  suppositions, de la variété, de la bizarrerie de leurs systèmes, de la mauvaise
                  foi de leurs disputes, de leurs petitesses, de leurs niaiseries, etc., etc. »
                  Curieuses recommandations pour obtenir sa rentrée en grâce</note>
            </item>
            <item n="89">
               <num>89</num>
               <name type="author">TURENNE (Henri de La Tour, vicomte de),</name>
               <trait>
                  <p>l'illustre maréchal de France, n. 1611, tué à <placeName>Salzbach</placeName>, 1675</p>
               </trait>
               <desc>L. a. s. à la <persName>reine Christine de Suède</persName> ; Paris, 19 février, 2 p. in-4, cachets
                  bien conservés et soies. Superbe pièce où il la prie d'intercéder auprès du pape
                  en faveur de son neveu.</desc>
            </item>
            <item n="90">
               <num>90.</num> 
               <name type="author">VINCENT DE PAUL (Saint),</name>
               <trait><p>l'illustre fondateur de la Congrégation de la
               Mission, n. 1576, m. 1660.</p></trait>
               <desc>P. s., sur vélin; <placeName>Paris</placeName>, 22 décembre 1631, 1 p. in-4.</desc>
               <note>Jolie et rare pièce</note>
            </item>
            <item n="91">
               <num>91</num>
               <name type="author">VOLTAIRE (François-Marie Arouer de),</name>
               <trait>
                  <p>l'illustre écrivain, n. 1694, m. 1778</p>
               </trait>
               <desc>L. a. s. V. à <persName>M. de Vaux</persName> ; <placeName>Potsdam</placeName>, 8 mai 1751,2 p. 1/2 in-4. Intéressante
                  lettre où il fait la description de son séjour à <placeName>Potsdam</placeName></desc>
               <note>et donne l'emploi du temps du roi de Prusse. « Je laisse le roy faire le Mars
                  tout le matin, mais le soir il fait l'Apollon, et il ne paraît pas à souper, qu'il
                  ait exercé cinq ou six mille héros de six pieds. Cecy est <placeName>Sparte</placeName> et <placeName>Athènes</placeName>, c'est
                  un camp et le jardin d'<persName>Epicure</persName>. Des trompettes et des violons, de la guerre et la
                  philosofie.</note>
            </item>
            <note>DOCUMENTS</note>
            <item n="92">
                <num>92.</num>
                <name>BREVET DE VAINQUEUR DE LA BASTILLE.</name>
                <desc>Pièce sur parchemin, signée
                  par <persName>Charles Lameth</persName>, comme président de l'Assemblée nationale, signée aussi par
                  <persName>BoriE</persName>, <persName>Cholat</persName> et <persName>Pannetier</persName>, président et commissaire des vainqueurs de la
                  Bastille, vignettes et attributs gravés, cachets de l'Assemblée nationale et des
                  vainqueurs de la Bastille, ce dernier posé sur un ruban aux couleurs de la ville
                  de <placeName>Paris</placeName>. Pièce très rare et bien conservée.</desc>
            </item>
            <item n="93">
              <num> 93.</num> 
               <name>CAMPAGNE DE FLANDRE DE1383. </name>
               <desc>Pièce, sur vélin ; (<placeName>Paris</placeName> ?), 20 octobre
               1383, 1 p. grand in-folio. </desc>
              <note>Intéressant document. Ce sont les noms des gens d'armes
               que <persName>Jehan, duc de Berry</persName>, a tenu en sa compagnie du 1er août 1383 au 1er octobre
               suivant pour la chevauchée que le roi (<persName>Charles VI</persName>) a faite en <placeName>Flandre</placeName>. On remarque
               les noms du <persName>comte de Sancerre</persName>, de <persName>Robert de Ventadour</persName>, du <persName>sire de Nantouillet</persName>, etc.</note>
              </item>
            <item n="94">
               <num>94.</num> 
               <name>CAPTIVITÉ DE LOUIS XVI AU TEMPLE. </name>
               <desc>L. s. par <persName>Loppé</persName> et <persName>Roché</persName>,
               commissaires au Temple, au gardien du garde-meuble ; <placeName>Paris</placeName>, 13 novembre 1792, 1 p.
               in-folio, tête imprimée et cachet. </desc>
               <note>Ils rappellent la demande qu'ils ont faite de
               linge et de hardes à l'usage de <persName>Louis Capet</persName> et de sa famille. Ils prient qu'on leur
               envoie d'urgence ces objets de première nécessité.</note>
            </item>
            <item n="95">
               <num>95. </num>
               <name>COMITÉ DESALUT PUBLIC. </name>
               <desc>P. s. <persName>Carnot</persName>, <persName>Barère</persName>, <persName>Couthon</persName>, <persName>Collot-d'Herbois</persName>,
               <persName>R. Lindet </persName>et <persName>C.-A</persName>. Prieur ; <placeName>Paris</placeName>, 5 floréal an II, 1 p. in-4</desc>
            </item>
            <item n="96">
               <num>96.</num> 
               <name>CONDE (Documents sur le Grand).</name>
               <desc>1° 2 pièces signées par <persName>Louis II de
               Bourbon, prince de Condé </persName>; 5 février 1653, 4 p. 1/2 in-4.
               Ce sont deux procurations
               notariées données par <persName>Condé</persName> à <persName>P. Lenet</persName> pour l'autoriser à engager et à aliéner ses
               biens. 2° P. s. par le même; <placeName>Paris</placeName>, 23 juillet 1660, 1/2 p. in-4. </desc>
               <note>Décharge
                  donnée à <persName>Lenet</persName> par ce prince pour toutes les opérations qu'il a conclues en son
                  nom. 3° 23 pièces concernant l'engagement des pierreries du prince de Condé par
                  <persName>Pierre Lenet</persName> à différents escompteurs de <placeName>Bordeaux</placeName>. Les pièces sont très
                  intéressantes; elles donnent le détail des objets mis en gages, des sommes
                  empruntées, etc... L'étude de ces pièces démontre combien <persName>Fondé</persName> avait de la peine
                  à se procurer de l'argent pour soutenir les frais de la <placeName>Fronde</placeName>.</note>
            </item>
            <item n="97">
               <num>97. </num>
               <name>CONGRÉGATION DE SAINT-MAUR.</name>
               <desc>Procès-verbal des séances du définitoire du
               chapitre général de la Congrégation de Saint-Maur tenue en l'abbaye de
               <placeName>Saint-Germain-des-Prés</placeName> le 28 septembre 1766 ; manuscrit, 192 p. in-folio.</desc></item>
            <item n="98">
               <num>98.</num> 
               <name>DUELS.</name> 
               <desc>Pièce manuscrite signée par 16 docteurs de la faculté de
               théologie de <placeName>Paris</placeName>; <placeName>Paris</placeName>, 30 mai 1651, 1 p. 1/2 in-folio.</desc> 
               <note>Curieux document où ils
               déclarent que le roi ne peut autoriser le duel dans aucun cas, sans enfreindre les
               canons et la constitution de l'Eglise, Parmi les signataires on remarque :
               <persName>Sainte-Beuve</persName>, <persName>Brousse</persName>, <persName>Grandin</persName>, etc.</note></item>
            <item n="99">
              <num> 99.</num> 
               <name>GUERRES D'ITALIE. </name>
               <desc>Pour quelle cause l'on perdit la journée sur les
               Chiaves, pièce manuscrite; 1554, 6 p. 1/2 in-folio.</desc> 
               <note>Intéressant document qui raconte
               la défaite du <persName>maréchal Strozzi</persName> à <placeName>Marciano</placeName>.</note></item>
            <item n="100">
               <num>100.</num>
               <name>HOROSCOPES DEHENRI II ET DEHENRI IV. </name>
               <desc>Pièce manuscrite du commencement
               du XVIIe siècle, 2 p. in-folio, cachet.</desc> 
               <note>Très curieuse pièce, oeuvre d'un astrologue
               contemporain, qui indique la mort violente de ces deux souverains. Ce genre de pièce
               est de la plus grande rareté.</note></item>
            <item n="101">
              <num> 101.</num> 
               <name>FAUCONNERIE.</name> 
               <desc>22 pièces sur vélin, des XVIe et XVIIe siècles, dont 1
               signée par <persName>François Ier</persName>, 22 p. in-4, oblong.</desc> 
               <note>Intéressante collection de pièces qui,
               pour la plupart, sont des reçus émanant de marchands d'oiseaux. Ces pièces donnent de
               curieux renseignements sur les prix des oiseaux destinés aux chasses royales.</note></item>
            <item n="102">
               <num>102.</num> 
               <name>LETTRES D'ANOBLISSEMENT.</name> 
               <desc>5 pièces sur parchemin; 1665, 5 p. grand
               in-folio, cachets dont un très grand en bon état, les autres sont endommagés. </desc>
               <note>Lettres
               d'anoblissement et confirmation d'anoblissement pour <persName>Louis Costar</persName> et ses enfants. Les
               armes de l'anobli sont peintes sur une des pièces.</note></item>

            <item n="103"> 
               <num>103.</num>
               <name>LOUIS XII (document sur le règne de).</name>
               <desc>L. a. s. de <persName>Courteville</persName> au <persName>roi (Philippe le Beau?)</persName> ; Tours, 2 juin 1506,7
               p. in-folio. </desc>
              <note> Document historique des plus intéressants. C'est une relation des États
               tenus à <placeName>Tours</placeName> par <persName>Louis XII</persName>. On y a transcrit l'allocution prononcée par le roi,
               lorsque les Etats lui décernèrent le titre de Père du peuple. Les fiancailles du <persName>duc
               de Valois (François Ier)</persName> avec la <persName>fille de Louis XII (Claude de France)</persName> y sont
               relatées en détail. Le signataire de cette lettre appartient vraisemblablement à la
               famille flamande des <persName>Courtewille</persName>, dont un des membres, <persName>Josse de Courtewille</persName>,
               accompagna <persName>Philippe II</persName> en Espagne</note> </item>
            <item n="104">
               <num>104</num>
              <name> MOLIERE (Famille de).</name> 
               <desc>27 pièces signées, la plupart sur vélin, au XVIIe siècle,
                  par des membres de la famille <persName>Pocquelin</persName>. </desc>
                  <note>C'est une réunion certainement unique, à
                  laquelle on a joint quelques notes et documents sur <persName>Molière</persName>.</note>
            </item>
            <item n="105">
               <num>105</num>
               <name>PARIS</name> 
               <desc>3 pièces signées plusieurs fois par <persName>Jourdan, marquis de Launey</persName>,
               gouverneur de la Bastille et par les entrepreneurs qui ont reconstruit les boutiques
               placées sur les fossés de la Bastille; <placeName>Paris</placeName>, 1786, 14 p. in-folio.</desc>
               <note>Curieux
                  document parisien auquel est annexé un tableau indiquant le nom des locataires des
                  boutiques reconstruites, le métier qu'ils. exercent et le prix de la location
                  desdites boutiques.</note>
            </item>
           <note>PIÈCES EN NOMBRE</note> 
            <item n="106">
               <num>106.</num>
               <name>ACADÉMIE FRANCAISE. </name>
               <desc>1,000 pièces environ.</desc> 
               <note>Intéressante réunion
               d'autographes de membres de l'Académie française, suite nombreuse et variée composant
               une véritable collection. Ce lot pourra être divisé.</note></item>
            <item n="107">
               <num>107.</num> 
               <name>ARTISTES DRAMATIQUES.</name> 
               <desc>300 pièces environ.</desc> 
               <note><persName>Agar</persName>, <persName>Emma Albani</persName>, <persName>Bouffé</persName>,
               <persName>Marie Cabel</persName>, <persName>les Brohan</persName>, <persName>Coquelin</persName>, <persName>Delaunay</persName>, <persName>Eugénie Doche</persName>, <persName>Elleviou</persName>, <persName>Ligier</persName>, <persName>George
               Weimer</persName>, etc.</note></item>
            <item n="108">
               <num>108.</num> 
               <name>DIVERS.</name> 
               <desc>19 pièces ou dossiers. </desc>
               <note><persName>Amiral Decrès</persName>, <persName>amiral Truguet</persName>,
               <persName>Louvois</persName>, <persName>Le Tellier</persName>, <persName>Duportail</persName>,<persName> Aubert-Dubayet</persName>, etc.</note></item>
            <item n="109">
               <num>109.</num> 
               <name>GENERAUX. </name>
              <desc> 500 pièces environ.</desc> 
               <note>Très intéressante réunion se composant
               d'autographes de la plupart des généraux qui se sont distingués depuis un
               siècle.</note></item>
            <item n="110">
               <num>110.</num> 
               <name>GENÉRAUX.</name> 
               <desc>20 pièces ou dossiers. </desc>
               <note><persName>Pichegru</persName>, <persName>Hédouville</persName>, <persName>Andréossy</persName>,
               <persName>Drouot</persName>, <persName>Vandamme</persName>, <persName>Vaubois</persName>, <persName>Palikao</persName>, <persName>Pajol</persName>, <persName>Jomini</persName>, etc.</note></item>
            <item n="111">
               <num>111.</num> 
               <name>GENÉRAUX. </name>
               <desc>73 pièces ou dossiers.</desc> 
               <note><persName>Lauberdière</persName>, <persName>Lamarque</persName>, d'<persName>Hautpoul</persName>,
               <persName>Guilleminot</persName>, <persName>Gourgaud</persName>, <persName>Gilly</persName>, <persName>Foy</persName>, <persName>Friant</persName>, <persName>Fririon</persName>, <persName>Rampon</persName>, <persName>Puthod</persName>, <persName>Claparède</persName>,
               etc.</note></item>
            <item n="112">
               <num>112.</num> 
               <name>GENÉRAUX DU XIXe SIECLE,</name> 
               <desc>30 pièces ou dossiers. </desc>
               <note><persName>Boulanger</persName>, <persName>Cavaignac</persName>,
               <persName>Changarnier</persName>, <persName>Fleury</persName>, <persName>Bedeau</persName>, <persName>Schmitz</persName>, etc.</note></item>
            <item n="113">
               <num>113.</num> 
               <name>LITTÉRATEURS.</name> 
               <desc>2,500 pièces environ.</desc> 
               <note>Très importante réunion
               d'autographes de littérateurs des XVIIIe et XIXe siècles. Ce lot pourra être
               divisé.</note></item>
            <item n="114">
               <num>114.</num>
               <name>MARÉCHAUX DES XVIIe ET XVIIIe SIÉCLES.</name> 
               <desc>13 pièces ou dossiers. </desc>
               <note><persName>Vauban</persName>,
               <persName>Catinat</persName>, <persName>dHarcourt</persName>, d'<persName>Asfeld</persName>, de <persName>Ségur</persName>, <persName>Maurice de Saxe</persName>, <persName>duc de Broqlie</persName>, etc.</note></item>
            <item n="115">
               <num>115.</num> 
               <name>MARÉCHAUX DU XIX SIÉCLE.</name> 
               <desc>22 pièces ou dossiers.</desc> 
               <note><persName>Suchet</persName>, <persName>Berthier</persName>,
               <persName>Soult</persName>, <persName>Sébastiani Pélissier</persName>, <persName>Lobau</persName>, <persName>Forey</persName>, <persName>Macdonald</persName>, <persName>Masséna</persName>, etc.</note></item>
         </list>
      </body>
      <gap/>
   </text>
</TEI>
