<?xml version="1.0" encoding="UTF-8"?>
<?xml-model href="../schema/ROMAUpdate.rnc"?>
<TEI xmlns="http://www.tei-c.org/ns/1.0">
   <teiHeader xmlns:tei="http://www.tei-c.org/ns/1.0" xmlns:s="http://purl.oclc.org/dsdl/schematron">
      <fileDesc>
         <titleStmt>
            <title>Titre du catalogue</title>
            <respStmt>
               <persName ref="#COL_000001">Simon Gabay</persName>
               <resp>
                  <date when="2019">2019</date>
               </resp>
            </respStmt>
         </titleStmt>
         <extent/>
         <publicationStmt>
            <publisher>Projet e-Ditiones, Université de Neuchâtel</publisher>
            <availability status="restricted">
               <licence target="https://creativecommons.org/licenses/by/2.0">Attribution 2.0 Generic
                  (CC BY 2.0)</licence>
            </availability>
         </publicationStmt>
         <sourceDesc>
            <bibl>
               <title>à renseigner</title>
               <num>si nécessaire</num>
               <editor/>
               <publisher/>
               <pubPlace/>
               <date/>
            </bibl>
            <listEvent>
               <event>
                  <p>
                     <address>
                        <addrLine/>
                     </address>
                     <persName type="auctioneer"/>
                     <persName type="expert"/>
                     <date/>
                  </p>
               </event>
            </listEvent>
            <listWit>
               <witness>
                  <ptr/>
               </witness>
            </listWit>
            <listBibl>
               <bibl/>
            </listBibl>
         </sourceDesc>
      </fileDesc>
      <profileDesc>
         <langUsage>
            <language ident="fr">french</language>
         </langUsage>
      </profileDesc>
      <encodingDesc>
         <samplingDecl>
            <p>This electronic version of the catalog only reproduces the entries that correspond to
               documents for sale. All text preceding or succeeding the list of documents for sale
               is not reproduced below.</p>
         </samplingDecl>
         <appInfo>
            <application version="1.6" ident="Transkribus" when="">
               <label>Transkribus</label>
               <ptr target="https://transkribus.eu/Transkribus/"/>
            </application>
            <application version="0.5.4" ident="GROBID" when="">
               <label>GROBID_Dictionaries - A machine learning software for structuring digitized
                  dictionaries</label>
               <ptr target="https://github.com/MedKhem/grobid-dictionaries"/>
            </application>
         </appInfo>
      </encodingDesc>
   </teiHeader>
   <text>
      <body>
         <gap/>
         <list>
            <item n="1">
               <num>1</num>
               <name type="author">ABOUT (Edmond),</name>
               <trait>
                  <p>célèbre écrivain, membre de l'Académie française, n. 1828,
                  m. 1885.</p>
               </trait>
               <desc>Don Quichotte, illustré par <persName ref="">G. Doré</persName>, article aut. sig., 14 p. in-8.</desc>
               <note>Superbe pièce d'une écriture très fine, remplie de considérations littéraires très
                  curieuses.</note>
            </item>
            <item n="2">
               <num>2</num>
               <name type="author" ref="">BARERE (Bertrand),</name>
               <trait>
                  <p>le célèbre conventionnel, n. à <placeName ref="">Tarbes</placeName>, 1755, m. 1811.</p>
               </trait>
               <desc>L. a. s. (à <persName ref="">Dumouriez</persName>); <placeName>Tarbes</placeName>, 30 mars 1792, 1 p. 1/2 in-4.</desc>
               <note>Piquante épître où il le félicite de sa nomination au ministère des affaires
                  étrangères. Il a fait voter par le club de <placeName>Tarbes</placeName> une adresse de remerciement au
                  roi à propos de cette nomination. « Quelle brillante carrière s'ouvre devant vous!
                  avec votre énergie, vos lumières et vos connaissances militaires et diplomatiques,
                  je vous vois déjà préparer une paix solide ou une guerre décisive. La France
                  remontera au point où ses destinées l'appellent en vain depuis deux ans...</note>
            </item>
            <item n="3">
               <num>3</num>
               <name type="author" ref="">BAUDELAIRE (Charles),</name>
               <trait>
                  <p>le célèbre poète, auteur des Fleurs du mal, n. 1821, m.</p>
               </trait>
                  <desc>1867. Epitaphe pour un enfant, sonnet autographe, 1 p. in-8.</desc>
                  <note>Superbe pièce</note>
            </item>
            <item n="4">
               <num>4</num>
               <name type="author" ref="">BEAUHARNAIS (Eugène de),</name>
               <trait>
                  <p>vice-roi d'Italie, fils adoptif de <persName ref="">Napoléon 1er</persName>, n.1780, m. 1825.</p>
               </trait>
               <desc>L. s. à l'ordonnateur Joubert; Vienne, 13 août 1809, 2 p.
                  in-4.</desc>
               <note>Superbe lettre où il le blâme de sa lenteur à faire rentrer les contributions
                  de guerre imposées à la ville de <placeName>Trieste</placeName>. « Si les difficultés continuent vous
                  ferés mettre le séquestre sur toutes espèces de marchandises, et elles auront le
                  sort de celles qui seront conduites à <placeName>Venise</placeName>.</note>
            </item>
            <item n="5">
               <num>5</num>
               <name type="author" ref="">BERLIOZ (Hector),</name>
               <trait>
                  <p>l'illustre compositeur de musique, n. 1803, m. 1869</p>
               </trait>
               <desc>L. a. s. à <persName ref="">M. Merruau</persName>; <placeName>Londres</placeName>, 9 mars 1852, 2 p. in 8.</desc>
               <note>Jolie lettre où il lui demande d'obtenir pour lui un congé annuel de trois mois
                  afin de pouvoir donner chaque année des concerts à <placeName>Londres</placeName>.</note>
            </item>
            <item n="6">
               <num>6</num>
               <name type="author" ref="">BERTHIER (Alexandre),</name>
               <trait>
                  <p>prince de Wagram et de Neuchâtel, maréchal de
                     l'Empire, chef d'état-major de Napoléon, n. à <placeName>Versailles</placeName>, 1753, m. 1815</p>
               </trait>
               <desc>L. s. à l'adjudant général <persName ref="">Pascalis</persName> ; quartier général de <placeName>Rivoli</placeName>, 25 nivôse an V, 7 heures
                  du soir, 1 p. in-fol., tête imprimée.</desc>
               <note>Pièce historique, écrite le soir de la célèbre victoire de <placeName>Rivoli</placeName>, gagnée par
                  <persName ref="">Bonaparte</persName>. Il lui annonce ce nouveau triomphe : « Nous avons attaqué l'ennemi une
                  heure avant le jour dans la position qu'il avait prise en avant de la Corona;
                  après un combat qui a duré sans discontinuer jusqu'à la nuit et sur tous les
                  points, nous avons fait 3,000 prisonniers, enlevé six pièces d'artillerie et pris
                  trois drapeaux. La perte de l'ennemi doit être considérable en tués et blessés.
                  L'ennemi s'est dispersé devant nous. J'espère que demain nous en trouverons peu.
                  Celte victoire est complète. Les généraux <persName ref="">Mayer</persName>, <persName ref="">Sandoz</persName>, <persName ref="">Lebley</persName> sont blessés. Nous
                  avons à regretter quelques autres braves, mais notre perte est peu considérable en
                  raison de nos avantages. On s'est battu avec le plus grand acharnement...</note>
            </item>
            <item n="7">
               <num>7</num>
               <name type="author" ref="">BERTHIER (Alexandre),</name>
               <desc>L. a. s. à <persName ref="">Madame Léopold Berthier</persName>, sa belle-soeur; <placeName>Finckenstein</placeName>, 20 avril
                  1807, 2 p. in-4.</desc>
               <note>Superbe lettre de condoléances au sujet de la mort de son frère <persName ref="">Léopold</persName>. Il
                  l'assure de son attachement. « Tant qu'à vos intérêts, quant à ceux des enfans de
                  mon frère, ils sont les miens. Comptés donc sur moi, puisse mon amitié vous porter
                  quelques consolations.» On a joint une lettre de 4 p. aut. sig. de <persName ref="">Léopold
                  Berthier</persName> à sa femme, entièrement remplie de termes d'affection.</note>
            </item>
            <item n="8">
               <num>8</num>
               <name type="author" ref="">BERTHIER (César),</name>
               <trait>
                  <p>célèbre général de l'Empire, frère d'<persName ref="">Alexandre Berthier</persName>,
                  qu'il seconda dans ses travaux, n. 1765, m. 1819.</p>
               </trait>
               <desc>L. a. s. à un ami; (<placeName>Paris</placeName>), 2 vendémiaire an XIV, 4 p. in-4.</desc>
               <note>Très curieuse lettre où il exprime son enthousiasme pour <persName ref="">Napoléon</persName> et son désir
                  de combattre sous ses yeux. Il parle du général <persName ref="">Mack</persName> et dit qu'il doit être bien
                  sot. et qu'il a bien ce qu'il mérite. « On dit ici qu'il s'est tué, c'est ce qu'il
                  avait de mieux à faire... Les actions de la Banque sont au plus haut et tout <placeName>Paris</placeName>
                  est dans l'enthousiasme.») <persName ref="">Mack</persName> capitula à <placeName>Ulm</placeName> le 17 vendémiaire suivant. Il
                  rapporte ensuite une allocution du <persName ref="">prince Joseph</persName> aux officiers généraux demeurés à
                  <placeName>Paris</placeName>. Très intéressants détails.</note>
            </item>
            <item n="9">
               <num>9</num>
               <name type="author" ref="">BERTRAND (Henri-Gratien, comte) général</name>
               <trait>
                  <p>grand maréchal du palais de <persName ref="">Napoléon
                  Ier</persName>, qu'il accompagna à <placeName>Sainte-Hélène</placeName>, n. 1773, m. 1844.</p>
               </trait>
               <desc>L. a. s. au <persName ref="">comte de Rambuteau</persName>; <placeName>Paris</placeName>, 3 juin 1840, 1 p. 1/4 in-4.</desc>
               <note>Belle lettre où il lui annonce l'envoi d'un projet médité par <persName ref="">Napoléon Ier</persName> pour fortifier <placeName>Paris</placeName>.</note>
              <desc>P. a. s.; <placeName>Paris</placeName>, 5 juin 1840, 2 p. 1/2 in-4.</desc>
                 <note>C'est le projet annoncé dans la lettre
                    ci-dessus. <persName ref="">Bertrand</persName> y raconte
                  les événements des derniers jours de mars 1814 et il s'attache à démontrer que
                  si <placeName>Paris</placeName> avait été fortifié la ville aurait pu résister quelques heures de plus,
                  ce qui aurait permis à l'Empereur de venir au secours de la capitale.</note>
            </item>
            <item n="10">
               <num>10</num>
               <name type="author" ref="">BIRON (Armand-Louis de Gontaut,duc de Lauzun, puis duc de),</name>
               <trait>
                  <p>célèbre général des armées de la République, décapité en 1793.</p>
               </trait>
               <desc>L. a. s. (à <persName ref="">Santerre</persName>?); (1792), 3 p. in-4.</desc>
               <note>Superbe lettre, écrite comme général en chef de l'armée du Rhin, où il lui
                  demande des armes, « car il m'arrive de tout côté de beaux et bons hommes, qui
                  n'ont point d'armes et à qui je ne peux pas en donner, ce qui leur donne beaucoup
                  d'humeur.</note>
            </item>
            <item n="11">
               <num>11</num>
               <name type="author" ref="">BONAPARTE (Loetitia Ramolino),</name>
               <trait>
                  <p>la mère de <persName ref="">Napoléon Ier</persName>, n. 1750, m. 1836.</p>
               </trait>
               <desc>L. s. tua affe madre avec trois lignes aut. (à son fils <persName ref="">Lucien</persName>); <placeName>Paris</placeName>, 23
                  septembre 1808, 3 p. 1/2 in-4.</desc>
               <note>Tres curieuse lettre. Les dissentiments qui
                  existent entre <persName ref="">Napoléon</persName> et <persName ref="">Lucien</persName> la désolent. Elle n'a pas pu parler à l'Empereur
                  avant son départ ainsi que <persName ref="">Lucien</persName> le désirait, elle ne croit pas d'ailleurs que sa
                  demande eût été accueillie. Elle le conjure de ne pas partir en Amérique s'il ne
                  veut pas avoir à se reprocher la mort de sa mère. Elle lui conseille d'attendre
                  des temps meilleurs et de rester en <placeName>Toscane</placeName>, Le sort de <persName ref="">Joseph</persName> n'est pas meilleur
                  que le sien, il est triste sous tous les rapports et elle l'assure que tous ses
                  parents lui sont affectionnés.</note>
            </item>
            <item n="12">
               <num>12</num>
               <name type="author" ref="">BONAPARTE (Joseph),</name>
               <trait>
                  <p>frère aîné de <persName ref="">Napoléon 1er</persName>, roi de Naples, puis d'Espagne, n. 1768, m. 1844</p>
               </trait>
               <desc>L. a. s.; <placeName>Philadelphie</placeName>, 6 mars 1823, 4 p. in-4.</desc>
               <note>Il s'étonne que le fils de <persName ref="">Mme de Staël</persName> ne désavoue pas l'ouvrage Dix ans
                  d'exil, publié récemment. <persName ref="">Mme de Staël</persName> était amie de l'Empereur en 1815, parce que
                  son esprit supérieur lui avait fait connaître alors qu'il était la seule planche
                  de salut dans le débordement de tous les préjugés, de toutes les passions, de tous
                  les mépris de la vieille oligarchie de l'Europe...</note>
            </item>
            <item n="13">
               <num>13</num>
               <name type="author" ref="">BONAPARTE (Louis),</name>
               <trait>
                  <p>frère de <persName ref="">Napoléon Ier</persName>, roi de Hollande, père de <persName ref="">Napoléon III</persName>, n. 1778, m.
                     1846.</p>
               </trait>
               <desc>L. a. s. à son oncle (<persName ref="">le cardinal Fesch</persName>); <placeName>Toeplitz</placeName>, 20 juillet 1810, 1 p. 1/2
                  in-4.</desc>
               <note>Curieuse épitre. Il déclare qu'ayant quitté la Hollande, il ne veut plus rien être. Il le prie
                  de savoir si son frère lui permettrait de se retirer en Corse avec le plus jeune
                  de ses enfants (depuis <persName ref="">Napoléon III</persName>).</note>
            </item>
            <item n="14">
               <num>14</num>
               <name type="author" red="">BONAPARTE (Hortense Beauharnais),</name>
               <trait>
                  <p>reine de Hollande, femme du précédent, n. 1783, m. 1837.</p>
               </trait>
               <desc>L. s. (au <persName ref="">général Vaudoncourt</persName>); 30 juillet 1828, 1 p. 1/2 in-8.</desc>
               <note>Curieuse lettre. Elle le prie de réfuter dans une prochaine édition de son
                  ouvrage sur le <persName ref="">prince Eugène</persName>, une erreur qui n'est que trop accréditée. Son frère
                  ne s'est jamais fait annoncer chez <persName ref="">Louis XVIII</persName>, sous le titre de <persName ref="">marquis de
                  Beauharnais</persName>. « D'abord ce n'était pas son titre, ensuite on n'annonce pas chez un
                  roi, et, la Charte reconnaissant tous les titres, il n'aurait pas eu toute
                  l'élévation qu'on devait attendre de son noble caractère à renier celui de <persName ref="">Prince
                  Eugène</persName> qu'il avait gagné, illustré, et que rien ne lui forçait à quitter.»</note>
            </item>
            <item n="15">
               <num>15</num>
               <name type="author" ref="">CAFFARELLI DU FALGA (Maximilien),</name>
               <trait>
                  <p>célèbre général du génie, n. 1756, blessé mortellement au siège de
                     <placeName>Saint-Jean-d'Acre</placeName>, en 1799.</p>
               </trait>
               <desc>L. a. s. à <persName ref="">de Grave</persName>; <placeName>Strasbourg</placeName>, 30 avril 1792, 1 p. in-fol. Rare.</desc>
               <note>Très belle lettre où il déclare qu'il a repris du service pour se consacrer à
                  la défense de la patrie. Intéressants détails.</note>
            </item>
            <item n="16">
               <num>16</num>
               <name type="author" ref="">CARPEAUX (Jean-Baptiste),</name>
               <trait>
                  <p>le grand sculpteur, n. à <placeName>Valenciennes</placeName>, 1827, m.
                  1875.</p>
               </trait>
               <desc>L. a. s.; <placeName>Paris</placeName>, 6 août 1864, 1 p. 1/2 in-8.</desc>
                  <note>Il demande à toucher le quart
                  du prix d'exécution de sa statue de la Tempérance qu'il vient de terminer pour
                  l'église de la Trinité.</note>
            </item>
               <item n="17">
                  <num>17</num>
                  <name type="author" ref="">CHARLES Ier,</name>
                  <trait>
                     <p>roi d'Angleterre, décapité en 1649.</p>
                  </trait>
                  <desc>L.s., en français, avec la souscription autographe, à <persName ref="">Gasron D'ORLéans</persName>; palais de
                  <placeName>Westmestre</placeName>, 28 avril 1636, 3/4 de p. infolio.</desc>
               <note>Superbe lettre où il le prie de donner créance, à tout ce que lui dira de sa
                  part son ambassadeur extraordinaire le <persName ref="">comte de Leicestre</persName>.</note>
            </item>
            <item n="18">
               <num>18</num>
               <name type="author" ref="">CHATEAUROUX (Marie-Anne de Mailly, duchesse de),</name>
               <trait>
                  <p>la célèbre maîtresse de <persName ref="">Louis XV</persName>, n. 1717, m. 1744.</p>
               </trait>
               <desc>L. a. s. au <persName ref="">maréchal de Noailles</persName>; <placeName>Lille</placeName>, 27 juin, 1/2 p. in-4, cachet. Très
                  rare.</desc>
               <note>Belle lettre de félicitations sur ses exploits militaires.</note>
            </item>
            <item n="19">
               <num>19</num>
               <name type="author" ref="">COFFINHAL (Jean-Baptiste),</name>
               <trait>
                  <p>vice-président du tribunal révolutionnaire, ami
                     de <persName ref="">Robespierre</persName>, n. à <placeName>Aurillac</placeName>, 1754, guillotiné le 18 thermidor an II.</p>
               </trait>
               <desc>L. a. s. à <persName ref="">Serizier</persName>; <placeName>Paris</placeName>, 19 mars 1793, 1 p. in-4.</desc>
                <note>Jolie lettre où il l'informe qu'il vient
                  d'être nommé commissaire national près le tribunal du second arrondissement du
                  département de <placeName>Paris</placeName>.</note>
            </item>
            <item n="20">
               <num>20</num>
               <name type="author" ref="">COGNIET (Léon),</name>
               <trait>
                  <p>célèbre peintre d'histoire et de portraits, membre de l'Institut, n. 1794, m.
                     1880.</p>
               </trait>
               <desc>L. a. s. au <persName ref="">comte de Rambuteau</persName>, 2 p. in-4.</desc>
               <note>Jolie lettre où il lui propose de se démettre en faveur de <persName ref="">M. Johannot</persName> de la
                  commande qui lui avait été faite d'un tableau de <persName ref="">Bailly</persName>. On a joint un dessin,
                  représentant une tête de cheval, attribué à <persName ref="">Cogniet</persName>.</note>
            </item>
            <item n="21">
               <num>21</num>
               <name type="author" ref="">CONDE (Louise-Françoise de Bourbon, princesse de),</name>
               <trait>
                  <p>fille naturelle de <persName ref="">Louis XIV</persName> et de <persName ref="">Madame de Montespan</persName>, n. 1673, m. 1743</p>
               </trait>
               <desc>L. a. s. au <persName ref="">cardinal de Fleury</persName>; (juillet 1726), 4 p. 1/2 in-4.</desc>
                 <note>Elle est en désaccord sur des questions de préséance avec la maison d'Orléans. Longs
                  développements à ce sujet.</note>
            </item>
            <item n="22">
               <num>22</num>
               <name type="author" ref="">COPPEE (François),</name>
               <trait>
                  <p>le célèbre poète, auteur de Severo Torelli, membre de
                  l'Académie française.</p>
               </trait>
               <desc>Quatre dizains, pièce de vers aut. sig., 2 p. in-4. Jolie
                  pièce.</desc>
            </item>
            <item n="23">
               <num>23</num>
               <name type="author" ref="">DAUMIER (Honoré),</name>
               <trait>
                  <p>célèbre dessinateur et caricaturiste, n. à <placeName>Marseille</placeName>, 1808, m. 1879.</p>
               </trait>
               <desc>L. a. s. à <persName ref="">M. Boulard</persName>, 1 p. in-8. Très rare.</desc>
               <note>Jolie lettre où il lui demande de lui prêter un dessin qu'il lui a vendu; il
                  rassemble tous ses ouvrages pour conclure une affaire.</note>
            </item>
            <item n="24">
               <num>24</num>
               <name type="author" ref="">DECRES (Denis, duc),</name>
               <trait>
                  <p>amiral, ministre de la marine de <persName ref="">Napoléon Ier</persName>, n. 1761, m.
                  1820.</p>
               </trait>
               <desc>L. s. à <persName ref="">Linois</persName>; <placeName>Paris</placeName>, 30 prairial an XIII, 5 p. 1/2 in-fol.</desc>
               <note>Très curieuse
                  lettre où il lui donne des instructions pour sa pro-chaine croisière dans les mers de l'Inde. Il lui recommande de se rapprocher du
                  <persName ref="">général Decaen</persName> et lui dit que la meilleure manière de faire son apologie c'est de
                  battre et détruire l'ennemi partout où il le rencontrera. On a joint la copie
                  d'une lettre du <persName ref="">contre-amiral Linois</persName> au <persName ref="">général Decaen</persName>, certifiée conforme par ce
                  dernier.</note>
             </item>
             <item n="25">
               <num>25</num>
                <name type="author" ref="">DUGOMMIER (Jacques Coquille),</name>
                <trait>
                   <p>célèbre général républicain, tué à la
                  bataille de la Montagne Noire, en 1794.</p>
                </trait>
                <desc>L. a. s. à <persName ref="">d'Espinoy</persName>; quartier général de l'armée des Pyrénées (novembre 1794), 3 p. 1/2 in-4, tête impriméej avec la devise
                  : Guerre à mort aux tyrans. Très rare.</desc>
                <note>Superbe lettre où il lui marque qu'il envie
                   son bonheur d'être à <placeName>Paris</placeName>. « Te voilà donc dans la grande commune et sur cette
                  mer orageuse où le vaisseau de la Révolution navigue majestueusement et brave si
                  heureusement les tempêtes et les écueils. » Il ne sait encore quand il aura son
                  tour. (<persName ref="">Dugommier</persName> avait été élu député à la Convention par <placeName>la Martinique</placeName>.) En
                  attendant, il s'amuse contre les corsaires. Il compte joindre les ennemis le
                  lendemain et donner des nouvelles après demain à son ami ; il augure bien de
                  l'événement. (C'est dans cette bataille qu'il fut tué par un boulet.)</note>
             </item>
             <item n="26">
                <num>26</num>
                <name type="author" ref="">DU GUESCLIN (Bertrand),</name>
                <trait>
                   <p>illustre connétable de France, un des plus grands capitaines
                  de son temps, n. 1320, m. 1380.</p>
                </trait>
                <desc>Pièce, sur vélin; <placeName>Pontorson</placeName>, 24 octobre 1370, 1 p. in-fol.
                  oblong, cachet.</desc>
                <note>Précieux document. Traité d'alliance entre <persName ref="">Du Guesclin</persName> et <persName ref="">Olivier de Clisson</persName>.
                  Ils jurent de se défendre mutuellement « contre tous ceulz qui pevent vivre et
                  mourir exceptez le roy de France, ses frères, le <persName ref="">vicomte de Rohen</persName> et nos autres
                  seigneurs de qui nous tenons terres ». Très curieux détails.</note>
            </item>
            <item n="27">
               <num>27</num>
               <name type="author" ref="">DURUY (Victor),</name>
               <trait>
                  <p>célèbre historien, ministre de l'Instruction publique, membre de l'Académie
                     française, n. 1811, m. 1894.</p>
               </trait>
               <desc>L. a. s. à <persName ref="">M. Delbarre</persName>; <placeName>Paris</placeName>, 16 décembre 1882, 1 p. 1/2 in-12.</desc>
               <note>Intéressante lettre au sujet de la publication de ses oeuvres. Il dit qu'il
                  recherche la vérité sans attaquer personne, cependant il espère rendre impossibles
                  des livres comme ceux de <persName ref="">Beulé</persName> et d'<persName ref="">Ampère</persName> « qui faisaient, il y a vingt ans, la
                  caricature et non l'histoire de l'Empire romain, par esprit d'opposition contre le
                  second empire français »</note>
            </item>
            <item n="28">
               <num>28</num>
               <name type="author" ref="">FAVRAS (Thomas de Mauy, marquis de),</name>
               <trait>
                  <p>le fameux auteur d'une conspiration contre-révolutionnaire, n. à <placeName>Blois</placeName>, 1744,
                     pendu en place de Grêve, 1790.</p>
               </trait>
               <desc>L. a. s. à M. M... ; Prison de l'Abbaye, (2 janvier?), 1790. Rare (Coll. Gilbert.)</desc>
               <note>Curieuse pièce. Il requiert le <persName ref="">commissaire Du Lary</persName> pour
                  formuler ses plaintes et diriger des poursuites contre ceux qui l'accusent de
                  machinations atroces et injurieuses.</note>
             </item>
             <item n="29">
                <num>29</num>
                <name type="author" ref="">FLORIAN (Jean-Pierre Charis de),</name>
                <trait>
                   <p>un de nos meilleurs fabulistes, membre de l'Académie française, n. 1755, m. 1794.</p>
                </trait>
                <desc>L. a. s. à sa tante ; <placeName>Florian</placeName>, 30 janvier 1776,3 p. 3/4 in 4. papier à entourages bleus.
                  Très légères laches.</desc>
                <note>Lettre intime des plus curieuses, écrite à l'âge de 21 ans. <persName ref="">Florian</persName> y parle
                  notamment de la société languedocienne, dont il fait un tableau peu flatteur. Il
                  annonce sa prochaine arrivée à <placeName>Semur</placeName>, où demeuraient son oncle et sa tante.</note>
            </item>
            <item n="30">
               <num>30</num>
               <name type="author" ref="">FLOURENS (Gustave),</name>
               <trait>
                  <p>membre de la Commune de 1871, n. 1838, tué en 1871.</p>
               </trait>
               <desc>L. a. s. à un général; prison de <placeName>Mazas</placeName>, 13 décembre 1870, 1 p. in-8.</desc>
               <note>Curieuse lettre où il réclame son jugement ou sa mise en liberté. Il demande qu'on lui
                  rende son sabre et son revolver qui sont sa prepriété.</note>
            </item>
            <item n="31">
               <num>31</num>
               <name type="author" ref="">FOUQUIER-TINVILLE (Antoine-Quentin),</name>
               <trait>
                  <p>le fameux accusateur public près du
                  tribunal révolutionnaire, n. 1747, guillotiné en 1795.</p>
               </trait>
               <desc>P. s.; 10 nivôse an II, 1 p. in-4; tête imprimée.</desc>
               <note>Précieux document. C'est l'ordre d'exécution du célèbre
                  général <persName ref="">Armand-Louis de Gontaut</persName>, duc de Biron.</note>
            </item>
            <item n="32">
               <num>32</num>
               <name type="author" ref="">FOY (Maximilien, comte),</name>
               <trait>
                  <p>célèbre général et orateur du parti libéral, n. 1775, m. 1825.</p>
               </trait>
               <desc>L. a. s.; <placeName>Mérida</placeName>, 9 juillet 1810, 2 p. in-4.</desc>
               <note>Très curieuse letire annonçant l'envoi des pièces nécessaires pour obtenir
                  l'obtention de ses lettres patentes de baron de l'Empire. Il demande qu'on corrige
                  l'orthographe de son nom et qu'on rétablisse la finale « qui a disparu. Il désire
                  s'appeler le baron de Foix, et il fait l'énumération des armes qu'il désire porter
                  sur son cachet.</note>
            </item>
            <item n="33">
               <num>33</num>
               <name type="author" ref="">FOYATIER (Denis),</name>
               <trait>
                  <p>habile sculpteur, auteur du Spartacus qui est dans le jardin des Tuileries, n.
                     à <placeName>Bussière</placeName> (Loire), 1793, m. 1863.</p>
               </trait>
               <desc>L. a. s.; <placeName>Paris</placeName>, 3 août 1837, 1 p. in-4.</desc>
               <note>Belle lettre où il sollicite des conseils pour l'achèvement de sa statue de
                  Target destinée à l'Hôtel de Ville.</note>
            </item>
            <item n="34">
               <num>34</num>
               <name type="author" ref="">GOUNOD (Charles),</name>
               <trait>
                  <p>le grand compositeur de musique, n. 1818, m. 1893.</p>
               </trait>
               <desc>L. a. s. à <persName ref="">Vitu</persName>; <placeName>Paris</placeName>, 30 novembre 1888, 1 p. 1/2 in-8.</desc>
               <note>Jolie lettre où il le
                  remercie de son chaleureux compte rendu de la première de Roméo.</note>
            </item>
            <item n="35">
               <num>35</num>
               <name type="author" ref="">GOUVION-SAINT-CYR (Laurent),</name>
               <trait>
                  <p>illustre général républicain et maréchal de
                     l'Empire, réorganisaleur de l'armée, n. à <placeName>Toul</placeName>, 1764, m. 1830.</p>
               </trait>
               <desc>L. a. s. à <persName ref="">Berthier</persName>; <placeName>Marseille</placeName>, 28 nivôse an VIII, 3/4 de p. infol., tête imprimée.</desc>
               <note>Il mande qu'ayant besoin de repos, il se rend à <placeName>Nancy</placeName> où il restera jusqu'au
                  moment où la saison raménera la guerre active.</note>
            </item>
            <item n="36">
               <num>36</num>
               <name type="author" ref="">GOUVION-SAINT-CYR (Laurent).</name>
               <desc>L. a. s. au maréchal <persName ref="">Berthier</persName>; <placeName>Martino</placeName>, 3e jour complémentaire, an XII, 2 p.
                  1/2 in-fol., vignette.</desc>
               <note>Superbe lettre. Il lui donne l'emploi des 20,000 francs qui lui avaient été
                  alloués pour ses dépenses secrètes. Il demande pour chef d'étatmajor le général
                  <persName ref="">Donzelot</persName> ou, à son défaut, le général <persName ref="">Heudelet</persName> ou le général <persName ref="">de Billy</persName>.</note>
            </item>
            <item n="37">
               <num>37</num>
               <name type="author" ref="">GRESSET (Jean-Baptiste-Louis),</name>
               <trait>
                  <p>célèbre poète et auteur dramatique, membre de l'Académie française, n. 1709, m.
                     1777.</p>
               </trait>
               <desc>L. a. s.; 15 juin (1762), 1 p. 1/2 in-8. Rare. (Coll. Dubrunfaut).</desc>
               <note>Superbe lettre où il le prie de lui mander ce qu'on dit de la condamnation de
                  l'Emile. « Est-il vrai que <persName ref="">Jeau-Jacques</persName> a un protecteur dans <persName ref="">Mme de Pompadour</persName> et
                  dans le <persName ref="">roi Stanislas</persName>, et que jugeant de sa position comme d'un procès qu'on a
                  perdu, il a pris sagement le parti de s'en reconsoler en s'acheminant vers la
                  Suisse. Là il sera au moins à l'abri de l'orage et trouvera peut-être du repos
                  dans une patrie qu'il n'aurait pas dû quitter...</note>
            </item>
            <item n="38">
               <num>38</num>
               <name type="author" ref="">GUISE (Louis III de Lorraine, cardinal de),</name>
               <trait>
                  <p>fils du <persName ref="">duc Henri Ier de Guise</persName>, archevêque de <placeName>Reims</placeName>, époux secret de <persName ref="">Charlotte des Essarts</persName>, n. 1575, m. 1621.</p>
               </trait>
               <desc>P. s. ; <placeName>Paris</placeName>, 23 mars 1615, 3/4 de p. in-fol.</desc>
                <note>Curieux documenr. Reconnaissance de
                   3,600 livres pour des marchandises d'orfévrerie à lui vendues par feu <persName ref="">Jean de la
                  Haye</persName>, orfèvre du roi.</note>
            </item>
            <item n="39">
               <num>39</num>
               <name type="author" resf="">GUISE (Henri Ier de Lorraine, duc de),</name>
               <trait>
                  <p>dit le Balafré, lieutenant-général du royaume, n. 1550, assassiné à <placeName>Blois</placeName> le 23 décembre 1588.</p>
               </trait>
               <desc>L. s. à la Reine; <placeName>Esclairon</placeName>, 9 août 1563, 3/4 de p. in-fol.</desc>
               <note>Lettre signée à l'âge de treize ans. Il se réjouit de la prise du <placeName>Havre</placeName>, et se
                  prépare, auprès de ses oncles, à bien servir le roi.</note>
            </item>
            <item n="40">
               <num>40</num>
               <name type="author" ref="">HUGO (Victor),</name>
               <trait>
                  <p>le grand poète, n. 1802, m. 1885.</p>
               </trait>
               <desc>L. a. s. à <persName ref="">M. Senty</persName>; (<placeName>Paris</placeName>, 24 février 1830), 1 p. in-8.</desc>
               <note>Précieuse lettre écrite la veille de la première représentation d'Hernani. Il
                  s'excuse du retard de sa correspondance; il lui dit qu'il faut s'en prendre à
                  Hernani qui ne lui laisse pas le temps d'écrire deux lignes à ses amis. Il le
                  remercie de ses bons souhaits pour la réussite de sa pièce. « J'en ai besoin pour
                  compenser les amertumes qui me viennent de toute part.</note>
            </item>
            <item n="41">
               <num>41</num>
               <name type="author" ref="">INGRES (Jean),</name>
               <trait>
                  <p>l'illustre peintre, n. 1780, m. 1867.</p>
               </trait>
               <desc>L. a. s. au <persName ref="">comte de Rambuteau</persName>; <placeName>Paris</placeName>, 10 mars 1847, 2 p. in-fol.</desc>
               <note>Superbe lettre où il se plaint des difficultés qu'on lui crée pour l'exécution
                  de ses peintures de l'église Saint-Vincent de Paul. Il déclare qu'il ne peut
                  accepter des travaux avec les conditions qui lui sont imposées, et qu'il renonce à
                  exécuter les ouvrages qui lui avaient été attribués.</note>
            </item>
            <item n="42">
               <num>42</num>
               <name type="author" ref="">KRUSENSTERN (Adam-Jean de),</name>
               <trait>
                  <p>le célèbre amiral et circumnavigateur russe, n. 1770, m. 1846.</p>
               </trait>
               <desc>L. a. s., en français, à <persName ref="">Pougens</persName>; <placeName>Londres</placeName>, 13 avril 1815, 2 p. in-4,
                  cachet.</desc>
               <note>Belle lettre où il exprime son regret de ne pouvoir se rendre à <placeName>Paris</placeName> par suite
                  des nouvelles politiques (le débarquement de <persName ref="">Napoléon</persName> à <placeName>Fréjus</placeName>).</note>
            </item>
            <item n="43">
               <num>43</num>
               <name type="author" ref="">LABORDE (Jean-Benjamin de),</name>
               <trait>
                  <p>fermier général, favori de <persName ref="">Louis XV</persName>, célèbre compositeur de musique, n. 1734,
                     décapité en 1794.</p>
               </trait>
               <desc>L. a. s. de sa femme (à <persName ref="">Fouquier-Tinville</persName>), 4 p. in-4.</desc>
               <note>Intéressante lettre où elle réclame la mise en liberté de son mari. -Cette pièce est signée ne varietur
                  par <persName ref="">Fouquier-Tinville</persName>, <persName ref="">Legot</persName>, <persName ref="">Massieu</persName> et <persName ref="">Lecointre</persName>.</note>
            </item>
            <item n="44">
               <num>44</num>
               <name type="author" ref="">LAMARTINE (Alphonse de),</name>
               <trait>
                  <p>l'illustre poète, n. 1790, m. 1869.</p>
               </trait>
               <desc>Harmonie 16e, la perte de l'Anio, au <persName ref="">marquis de Barol</persName>, manuscrit aut. sig. L. ; <placeName>Florence</placeName>, 10
                  décembre 1826, 5 p. 1/2 in-fol.</desc>
               <note>Précieux manuscrit d'une de ses Harmonies, qui commence ainsi : « J'avais révé
                  jadis, au bruit de ses cascades, « Couché sur le gazon qu'<persName ref="">Horace</persName> avait foulé, « A
                  l'ombre des vieilles arcades « Où la sybille dort sous son temple écroulé.</note>
            </item>
            <item n="45">
               <num>45</num>
               <name type="author" ref="">LASALLE (Antoine-Charles-Louis, comte de),</name>
               <trait>
                  <p>un des meilleurs généraux de cavalerie des guerres de l'Empire, n. à <placeName>Metz</placeName>, 1775, mort glorieusement à la
                  bataille de Wagram, 1809.</p>
               </trait>
               <desc>L. a. s. à <persName ref="">Junot</persName>; quartier général de <placeName>Neustadt</placeName>, 31
                  juillet 1806, 2 p. in-fol. Rare.</desc>
               <note>Superbe lettre où il le félicite de sa nomination au gouvernement de <placeName>Paris</placeName>, et
                  il lui demande, puisque la paix est faite, de lui accorder la faveur de servir
                  sous ses ordres.</note>
            </item>
            <item n="46">
               <num>46</num>
               <name type="author" ref="">LAVOISIER (Antoine-Laurent),</name>
               <trait>
                  <p>l'illustre chimiste, n. 1743, guillotiné en 1794.</p>
               </trait>
               <desc>L. a. s. au <persName ref="">citoyen Chaigneau</persName>, receveur du droit d'enregistre- ment; Paris (5
                  niyôse an II), 1 p. 1/2 in-4.</desc>
               <note>Curieuse lettre, où il lui explique qu'il ne peut faire droit à ses
                  réclamations parce que la Convention, ayant substitué la Nation aux lieu et place
                  de la ferme générale, a interdit à cette dernière toute opération de recettes ou
                  de dépenses. Le décret de la Convention, qui met sous séquestre les meubles et
                  immeubles des ci-devant fermiers généraux, est un nouvel obstacle pour satisfaire
                  à sa demande ; il lui conseille de s'adresser directement à la Convention ou au
                  directeur général de la liquidation.</note>
            </item>
            <item n="47">
               <num>47</num>
               <name type="author" ref="">LEON XII (Annibale della Genga),</name>
               <trait>
                  <p>pape (1823), protecteur des lettres, n. 1760, m. 1829.</p>
               </trait>
               <desc>L. a. s. à <persName ref=""></persName>l'avocat Villeni; <placeName>Spoleto</placeName>, 22 juillet 1815, 3/4 de p. in-4. Belle
                  lettre.</desc>
            </item>
            <item n="48">
               <num>48</num>
               <name type="author" ref="">LESPINASSE (Julie-Jeanne-Éléonore de),</name>
               <trait>
                  <p>femme célèbre par son esprit, amie de
                     <persName ref="">d'Alembert</persName>, n. à <placeName>Lyon</placeName>, 1732, m. 1776.</p>
               </trait>
               <desc>18 lettres aut. à <persName ref="">De Vaines</persName>, 43 p. in-4 ou
                  in-8.</desc>
               <note>Précieuse correspondance inédite, où elle parle souvent de <persName ref="">d'Alembert</persName>, de
                  <persName ref="">Madame Geoffrin</persName>, de <persName ref="">Malesherbes</persName> et de <persName ref="">Turgot</persName>. Elle plaint de <persName ref="">Vaines</persName> de sa
                  sensibilité, elle lui dit que c'est un trésor pour ses ennemis. Elle l'exhorte à
                  supporter courageusement l'adversité. Elle cite sa vie comme un exemple de
                  résignation. Pendant les deux dernières années qu'elle a vécu avec la plus
                  méchante créature (<persName ref="">Madame. Du Deffand</persName>?) elle était venue à bout de déconcerter sa
                  méchanceté en lui imposant toujours le sang-froid de l'indifférence. « Je la
                  métois tellement au désespoir qu'elle n'y a pas pu tenir, mais j'étais parvenue à
                  cette insensibilité par huit ans de martyr et par la perte absolue de ma santé. »
                  Elle ne sait ce que <persName ref="">Madame Geoffrin</persName> a fait à <persName ref="">d'Alembert</persName>, mais ce dernier est
                  triste et d'une humeur effroyable, elle ne s'en afflige pas, mais elle désire que
                  ce ton brusque et colère ne dure pas davantage. Elle rapporte une curieuse
                  conversation qu'elle a eue avec une femme d'esprit, qui ne pensait pas qu'on
                  puisse faire des actions grandes et héroïques sans croire en Dieu; piquantes
                  considérations.</note>
            </item>
            <item n="49">
               <num>49</num>
               <name type="author" ref="">LINNE (Charles de),</name>
               <trait>
                  <p>l'illustre naturaliste suédois, n. 1707, m. 1778.</p>
               </trait>
               <desc>L. a. s., en latin, à <persName ref="">David van Royen</persName>; <placeName>Upsal</placeName>, 1er octobre 1763, 1 p. in-4,
                  cachet bien conservé.</desc>
                <note>Très jolie lettre, où il l'entretien de questions
                  botaniques.</note>
            </item>
            <item n="50">
               <num>50</num>
               <name type="author" ref="">LOU1S XVI,</name>
               <trait>
                  <p>roi de France, n. 1754, décapité en 1793.</p>
               </trait>
               <desc>Apostille de trois
                  lignes aut. sig., sur une lettre du ministre de La Luzerne, au gouverneur de
                  Saint-Domingue; <placeName>Versailles</placeName>, 3 juillet 1789, 3/4 de p. in-fol.</desc>
                <note>Jolie pièce, où il
                  l'invite à continuer ses bons services, dans l'administration des finances de
                  <placeName>Saint-Domingue</placeName>.</note>
            </item>
            <item n="51">
               <num>51</num>
               <name type="author" ref="">LOUIS XVIII,</name>
               <trait>
                  <p>roi de France, n. 1755, m. 1824.</p>
               </trait>
               <desc>L. a. s. au <persName ref="">duc de Harcourt</persName>;
                  <placeName>Vérone</placeName>, 27 août 1795, 1 p. in-8.</desc>
               <note>Précieuse lettre, où il le charge d'aller visiter les veuves des malheureuses
                  victimes de <placeName>Quiberon</placeName>. « Dans un temps plus heureux, ma plus grande consolation
                  sera de pouvoir adoucir l'amertume de leurs regrets, par tous les moyens qui s
                  ront en mon pouvoir.</note>
            </item>
            <item n="52">
               <num>52</num>
               <name type="author" ref="">MASSENA (André),</name>
               <trait>
                  <p>duc de Rivoli, illustre général de la République, maréchal
                  d'Empire, n. 1758, m. 1817.</p>
               </trait>
               <desc>P. s.; décembre 1805, 2 p. 1/2 in-4.</desc>
               <note>Document historique fort curieux. C'est la copie certifiée conforme par <persName ref="">Masséna</persName> de l'armistice conclu avec l'Empereur d'Autriche le 6 décembre 1805
                  après l'éclatante victoire d'<placeName>Austerlitz</placeName>.</note>
            </item>
            <item n="53">
               <num>53</num>
               <name type="author" ref="">MEYERBEER (Jacques),</name>
               <trait>
                  <p>l'illustre compositeur de musique, n. 1794, m. 1864.</p>
               </trait>
               <desc>Pièce autographe; (<placeName>Paris</placeName>, 1831),1 p. in-4.</desc>
               <note>Curieux document. C'est la
                  distribution définitive des rôles de Robert le Diable. On y trouve les noms de
                  tous les artistes qui devaient jouer dans cet opéra, et, parmi eux, <persName ref="">Adolphe
                     Nourrit</persName>, <persName ref="">Dabadie</persName>, <persName ref="">Madame Damoreau-Cinti</persName>, <persName ref="">Marie Taglioni</persName>, etc.</note>
            </item>
            <item n="54">
               <num>54</num>
               <name type="author" ref="">MONGE (Gaspard),</name>
               <trait>
                  <p>l'illustre géomètre, n. 1746, m. 1818.</p>
               </trait>
               <desc>L. a. s. aux membres du directoire du département de <placeName>Paris</placeName>; <placeName>Paris</placeName>, 22 frimaire
                  an II, 1 p. in-fol.</desc>
               <note>Très curieuse pièce, où il proteste contre son inscription sur la liste des
                  émigrés du département des <placeName>Ardennes</placeName>. Il rappelle qu'au mois d'avril il était
                  ministre de la Marine, et que depuis cette époque il est notoire qu'il n'a pas
                  quitté <placeName>Paris</placeName>. Il demande donc que le Directoire prenne un arrêté, constatant sa
                  non-émigration, et prononce sa radiation « de dessus celte liste infâme ».</note>
            </item>
            <item n="55">
               <num>55</num>
               <name type="author" ref="">MOREAU (Victor),</name>
               <trait>
                  <p>illustre général républicain, n. 1763, blessé mortellement
                  dans les rangs ennemis à la bataille de <placeName>Dresde</placeName>, 1813.</p>
               </trait>
               <desc>L. a. s. aux membres du
                  Comité de Salut public; <placeName>Cassel</placeName>, 28 germinal an II, 1/2 p. in-fol., tête impr.
                  Déchirée en tête.</desc>
                <note>Il les remercie de l'avoir nommé général de division.</note>
               <desc>L. a. s. à un compatriote; 30 vendémiaire (an V), 3 p. 1/2 in-8.</desc>
               <note>Intéressante lettre où il lui rend compte de ses dernières opérations
                  militaires et de l'état de dénuement où se trouve son armée.</note>
            </item>
            <item n="56">
               <num>56</num>
               <name type="author" ref="">MURAT (Joachim),</name>
               <trait>
                  <p>maréchal de l'Empire, roi de Naples, n. 1771, fusillé en 1815.</p>
               </trait>
               <desc>L. a. s. à <persName ref="">Lannes></persName>; 18 juillet 1808, 2 p. in-8, enveloppe.</desc>
               <note>Très belle lettre d'envoi d'une lettre de l'Empereur. « Je suis sûr que tu
                  seras charmé de l'avis que S. M. te fait donner de te dépécher de boire les eaux.
                  » Prière de tenir cet avis secret.</note>
            </item>
            <item n="57">
               <num>57</num>
               <name type="author" ref="">MURAT (Joachim).</name>
               <trait>
                  <p>P. s., sur vélin, par <persName ref="">Napoléon Ier</persName>, contresignée par
                     <persName ref="">Hugues Maret</persName> et <persName ref="">Berthier</persName>; <placeName>Paris</placeName>, 24 nivôse an XII, 1 p. in-folio, vignette.</p>
               </trait>
               <desc>
                  Précieux document. Commission de <persName ref="">Murat</persName> comme généial en chef gouverneur de Paris,
                  commandant la première division militaire.</desc>
            </item>
            <item n="58">
               <num>58</num>
               <name type="author" ref="">NAPOLEON Ier,</name>
               <trait>
                  <p>empereur des Français, n. 1769, m. 1821.</p>
               </trait>
               <desc>L. s. avec la
                  souscription autographe, à <persName ref="">Kellermann</persName>; <placeName>Brescia</placeName>, 1er fructidor an IV, 1 p. in-fol.,
                  vignette de l'armée d'Italie.</desc>
               <note>Superbe lettre où il le prie de hâter l'envoi de nouvelles troupes, les
                  maladies mettant tous les jours beaucoup de monde aux hôpitaux. Le moindre retard
                  peut être dangereux. « <persName>Wurmser</persName> reçoit à chaque instant de nouveaux
                  renforts.</note>
            </item>
            <item n="59">
               <num>59</num>
               <name type="author" ref="">NAPOLÉON Ie.</name>
               <desc>L. s. Napol, à son frère <persName ref="">Jérôme</persName> ; <placeName>Marienbourg</placeName>, 3 juin 1807,
                  1/2 p. in-4.</desc>
               <note>Il lui annonce qu'il a appris avec un grand plaisir la reddition de
                  <placeName>Neiss</placeName>; il le prie de lui envoyer le journal du siège et de lui faire connaître
                  tous ceux qui s'y sont distingués.</note>
            </item>
            <item n="60">
               <num>60</num>
               <name type="author" ref=""> NAPOLÉON I.</name>
               <desc>L. s. Np., avec 3 mots aut., à <persName ref="">Defermon</persName>; <placeName>Paris</placeName>, 6 avril
               1815, 1 p. in-fol., à mi-marge.
               </desc>
               <note>Curieux document signé pendant les Cent-Jours.
                  Il le charge de secourir les habitants de <placeName>la Lorraine</placeName>, de <placeName>l'Alsace</placeName> et de <placeName>la
                  Champagne</placeName> sur les fonds de la Caisse de l'Extraordinaire. Il désigne comme les
                  premières villes à secourir <placeName>Nogent</placeName>, <placeName>Méry-sur-Seine</placeName> et <placeName>Arcis-sur-Aube</placeName>, où se
                  livrèrent les fameux combats de la Campagne de France.</note>
            </item>
            <item n="61">
               <num>61</num>
               <name type="author" ref="">NAPOLEON II,</name>
               <trait>
                  <p>duc de Reichstadt, le fils de <persName ref="">Napoléon Ier</persName>,n. 1811, m.
               1832.</p>
               </trait>
               <desc>Devoir d'écriture aut. sig. en allemand, 1 p. in-4, oblong. Très rare.</desc>
            </item>
            <item n="62">
               <num>62</num>
               <name type="author" ref="">NAPOLEON III,</name>
               <trait>
                  <p>empereur des Français, n. 1808, m. 1873.</p>
               </trait>
               <desc>L. a. s. à <persName ref="">M. Gadeaux</persName>; <placeName>Londres</placeName>, 18 juillet 1840, 1 p. in-8.</desc>
               <note>Curieuse lettre, où il le remercie du
                  don qu'il lui a fait de la première croix d'honneur portée par <persName ref="">Napoléon Ier.</persName></note>
            </item>
            <item n="63">
               <num>63</num>
               <name type="author" ref="">NAPOLÉON III.</name>
               <desc>L. a. s. à <persName ref="">Ledru Rollin</persName>; fort de <placeName>lam</placeName>, 6 juin 1844, 1 p. in-8</desc>
               <note>Très curieuse lettre où il lui recommande le soin de ses intérêts. « Je serais
                  heureux d'avoir comme représentant un homme dont les convictions politiques se
                  rapprochent si intimement des miennes et de même qu'un succes obtenu par vos soins
                  me serait plus agréable, de même un revers me serait moins pénible, car je ne
                  l'imputerai certes, ni au manque de talent ni au manque de bonne volonte de
                  l'avocat.</note>
            </item>
            <item n="64">
               <num>64</num>
               <name type="author" ref="">NASSAU-SIEGEN (Charles-Henri-Nicolas-Othon, prince de),</name>
               <trait>
                  <p>célèbre général, fameux par ses aventures, n. 1745, m. 1809.</p>
               </trait>
               <desc>L. a. s. à <persName ref="">Catherine II</persName>; du poste des Suédois, 14 août 1789, 2 p. in-folio.</desc>
               <note>Pièce historique. Il lui annonce qu'il vient de remporter une grande victoire sur la flotte
                  suédoise, après dix-neuf heures de combat. Les Russes ont pris le bâtiment amiral
                  suédois et six autres vaisseaux.</note>
            </item>
            <item n="65">
               <num>65</num>
               <name type="author" ref="">NEY (Michel),</name>
               <trait>
                  <p>prince de la Moskowa, illustre maréchal de l'Empire, n. 1769, fusillé en 1815.</p>
               </trait>
               <desc>L. s. au <persName ref="">maréchal Souur</persName>. <placeName>Les Coudreaux</placeName>, 6 mars 1815, 2 p. 1/2 in-4.</desc>
               <note>Superbe lettre, où il l'informe que pour se conformer aux intentions du roi, il
                  va se rendre à son commandement, à <placeName>Besançon</placeName>. Il le prie de lui faire délivrer une
                  somme de 40,000 francs qui lui est due et dont il a besoin pour le voyage qu'il va
                  entreprendre. (Onze jours plus tard, le <persName ref="">maréchal Ney</persName> rejoignait <persName ref="">Napoléon</persName> à
                  <placeName>Auxerre</placeName>.)</note>
            </item>
            <item n="66">
               <num>66</num>
               <name type="author" ref="">PACHE (Jean-Nicolas),</name>
               <trait>
                  <p>ministre de la guerre et maire de Paris pendant la
                  Révolution, n. 1746, m. 1823.</p>
               </trait>
               <desc>L. s., comme maire de Paris, à  <persName ref="">Santerre</persName>; <placeName>Paris</placeName>, 12
                  avril 1793, 1 p. in-4.</desc>
               <note>L'accusateur public près le tribunal révolutionnaire l'ayant informé que la
                  garde de ce tribunal est insuffisante pour assurer la tranquillité dans la salle
                  attenante à celles des séances, il le charge d'envoyer un renfort de 50 à 60
                  hommes.</note>
            </item>
            <item n="67">
               <num>67</num>
               <name type="author" ref="">PAGANINI (Niccolo),</name>
               <trait>
                  <p>l'illustre violoniste italien, n. 1784, m. 1810.</p>
               </trait>
               <desc>L. a. s. à <persName ref="">M. Brun</persName>; <placeName>Marseille</placeName>, 23 février 1837, 1 p. in-4.</desc>
               <note>Superbe lettre, où il le charge de remercier la Société philharmonique de
                  <placeName>Marseille</placeName> de l'honneur qu'elle lui a fait.</note>
            </item>
            <item n="68">
               <num>68</num>
               <name type="author" ref="">PANIN (Nitika-Ivanovich, comte de),</name>
               <trait>
                  <p>célèbre homme d'Etat russe, premier ministre de <persName ref="">Catherine II</persName>, n. 1718, m. 1783.</p>
               </trait>
               <desc>L. s. avec la souscript. aut., à la <persName ref="">maréchale de Lieven</persName>; <placeName>Pétersbourg</placeName>, 30 octobre 1773, 1 p. in-4, enveloppe et cachet.
                  Belle lettre. Rare.</desc>
            </item>
            <item n="69">
               <num>69</num>
               <name type="author" ref="">PERNE (François-Louis),</name>
               <trait>
                  <p>savant musicien, n. à <placeName>Paris</placeName>, 1772, m. 1882.</p>
               </trait>
               <desc>L. a. s. à <persName ref="">Fétis</persName>; <placeName>Chamouille</placeName>, près <placeName>Laon</placeName>, 5 mars 1830, 2 p. in-4.</desc>
               <note>Très intéressante, toute relative à ses recherches sur la musique chez les peuples anciens.</note>
            </item>
            <item n="70">
               <num>70</num>
               <name type="author" ref="">PRUD'HON (Pierre-Paul),</name>
               <trait>
                  <p>un de nos plus grands peintres, n. à <placeName>Cluny</placeName>, 1758, m. 1823.</p>
               </trait>
               <desc>L. a. s. à <persName ref="">Frochot</persName>; <placeName>Paris</placeName>, 23 juin 1810, 1 p. in-4. Rare.</desc>
               <note> Il le prie de hâter le paiement définitif des travaux de <persName>M. Lafond</persName>, qui a exécuté le transparent
                  des Noces d'Hercule et d'Hébée.</note>
            </item>
            <item n="71">
               <num>71</num>
               <name type="author" ref="">RENÉE DE FRANCE,</name>
               <trait>
                  <p>fille de  <persName ref="">Louis XII</persName> et de <persName ref="">Anne de Brelagne</persName>, épouse d'<persName ref="">Hercule d'Este</persName>, duc de Ferrare, princesse lettrée,
                     prolectrice de <persName ref="">Calvin</persName>, n. 1510, m. 1576.</p>
               </trait>
               <desc>L. a. s. a <persName ref="">Henr iI</persName>; (1557), 1 p. in-folio, cachet.</desc>
               <note>Superbe letrre de félicitations sur la prise de <placeName>Hesdin</placeName>.</note>
            </item>
            <item n="72">
               <num>72</num>
               <name type="author" ref="">REYER (Ernest),</name>
               <trait>
                  <p>célèbre compositeur de musique, membre de l'Institut.</p>
               </trait>
               <desc>Manuscrit aut. sig. E. R., 6 p. in-4. Les feuillets ont été coupés pour
                  l'impression et remontés.</desc>
               <note>Curieuse pièce. C'est un feuilleton où il rend compte de
                  l'oratorio Mors et Vita de <persName ref="">Gounod</persName>.</note>
            </item>
            <item n="73">
               <num>73</num>
               <name type="author" ref="">REYNIER (Jean-Louis-Ebenezer, comte),</name>
               <trait>
                  <p>célèbre général, un des héros de l'armée d'<placeName>Egypte</placeName>, fait prisonnier à <placeName>Leipzig></placeName>, n. 1771, m. 1814.</p>
               </trait>
               <desc>L. a. s. à <persName ref="">Nev</persName>; <placeName>Santarem</placeName>, 4 fév. 1811, 4 p. in-fol.</desc>
               <note>Pièce historique sur les mouvements militaires
                  à exécuter en <placeName>Espagne</placeName> contre <persName ref="">Wellington</persName>. Très intéressants détails.</note>
            </item>
            <item n="74">
               <num>74</num>
               <name type="author" ref="">ROBESPIERRE (Maximilien de),</name>
               <trait>
                  <p>député de Paris à la Convention, chef du Comité de Salut public, n. à <placeName>Arras</placeName>, 1758, m. 1794.</p>
               </trait>
               <desc>L. s., signée aussi par <persName ref="">Carnot</persName> et
                  <persName ref="">Hérault de Séchelles</persName>, à <persName ref="">Bouchotte</persName>; <placeName>Paris</placeName>, 26 août 1793, 1 p. 1/4 in-fol.</desc>
               <note>Très curieuse lettre où ils lui envoient une dénonciation de la <persName ref="">citoyenne Sainte Marie</persName>
                  déclarant que la dernière colonne de l'année de <placeName>Mayence</placeName> a tenu des propos
                  incendiaires. Ils l'invitent à prendre des renseignements sur la conduite de cette
                  colonne et à la surveiller avec le plus grand soin. « Pénétrez-vous de toute
                  l'importance de cet objet, si l'armée de <placeName>Mayance</placeName> est animée du vrai
                  républicanisme, le flambeau de la guerre civille est éteint dans <placeName>la Vendée</placeName>, sy des
                  malveillans ont réussy à l'égarer, la guerre de <placeName>la Vendée</placeName> est mille fois plus
                  dangereuse. » La lettre de dénonciation est jointe et la minute autographe de la
                  réponse de <persName ref="">Bouchotte</persName> est en marge. Il recommande de terminer l'affaire de
                  <persName ref="">Westermann</persName>. (<persName ref="">Westermann</persName> avait été suspendu le 10 juillet.)</note>
            </item>
            <item n="75">
               <num>75</num>
               <name type="author" ref="">ROSSINI (Gioacchino),</name>
               <trait>
                  <p>le grand compositeur de musique italien, n. 1792, m. 1868.</p>
               </trait>
               <desc>L. a. s., en français, (au <persName ref="">baron Haussmann</persName>); <placeName>Paris</placeName>, 18 octobre 1861, 1 p.
               3/4 in-4.</desc>
               <note>Curieuse lettre où il s'intitule pianiste de 4e classe. Il lui recommande
                  un sculpteur, <persName ref="">M. Chevalier</persName>.</note>
            </item>
            <item n="76">
            <num>76</num>
               <name type="author" ref="">SAINT-AIGNAN (Paul-Hippolyte de Beauvillier, duc de),</name>
               <trait>
                  <p>célèbre diplomate, membre de l'Académie française, n. à <placeName>Paris</placeName>, 1684, m. 1776.</p>
               </trait>
               <desc>L. a. s. à <persName ref="">M. de Solignac</persName>, 1 p. 1/2 in-4. Rare. (Coll. Gilbert.)</desc>
               <note>Superbe lettre de
                  remerciements de son admission dans la Société des sciences et belles-lettres de
                  <placeName ref="">Nancy</placeName>.</note>
            </item>
            <item n="77">
               <num>77</num>
               <name type="author" ref="">SAINT-LAMBERT (Jean-François de),</name>
               <trait>
                  <p>célèbre poète, auteur des Saisons, ami de <persName ref="">Mme d'Houdetot</persName>, n. 1716, m. 1803.</p>
               </trait>
               <desc>9 1. aut. à <persName ref="">De Vaines</persName>, 23 p. in-4 ou
                  in-8.</desc>
               <note>Intéressante correspondance inédite. Il parle de ses Mémoires qu'il est heureux
                  de savoir entre les mains de <persName ref="">De Vaines</persName>, il a en lui une extrême confiance, « car
                  soit pendant mon reste de vie, soit après ma mort je suis bien sûr qu'elle sera
                  justifiée. » Il s'étonne que le 1er consul (<persName ref="">Bonaparte</persName>) ait bien reçu le <persName ref="">général Menou</persName>. « Bte aime mieux imité
                  le Sénat romain qu'Auguste, puisqu'il n'a pas dit : Varrus, rend-moi mes légions.
                  » Il avoue que <persName ref="">Bonaparte</persName> n'est pas un homme ordinaire, et quand il voudra le
                  flatter il dira : « Lui écarté, tous les hommes étaient égaux ». Il remercie <persName ref="">De
                  Vaines</persName> d'une notice qu'il lui a consacrée; il y a remarqué cependant un éloge
                  qu'il voudrait ne pas y trouver. « C'est de me mettre à côté de <persName ref="">Locke</persName>, je n'ai de
                  mérite que celui d'être le disciple très zélé de ce premier précepteur du genre
                  humain. Si je sçais quelque chose sur l'esprit humain, je lui dois ce que je sçais
                  ».</note>
            </item>
            <item n="78">
               <num>78</num>
               <name type="author" ref="">SAMSON (Joseph-Isidore),</name>
               <trait>
                  <p>le célèbre comédien, professeur de <persName ref="">Rachel</persName>, n. 1793, m. 1871.</p>
               </trait>
               <desc>L. a. s. à <persName ref="">Augustine Brohan</persName>; 1er nov. 1848, 1 p. in-8.</desc>
               <note>Très belle lettre où il la remercie, au nom de la Comédie-Française, « de
                  l'effort que vous voulez bien faire et de votre dévouement à l'intérêt
                  commun.</note>
            </item>
            <item n="79">
               <num>79</num>
               <name type="author" ref="">SANTERRE (Antoine-Joseph),</name>
               <trait>
                  <p>le célèbre commandant en chef de la garde
                  nationale parisienne, n. 1752, m. 1809.</p>
               </trait>
               <desc>P. s.; <placeName>Paris</placeName>, 13 octobre 1792, 1 p. in-8,
                  tête imprimée et curieux cachet.</desc>
               <note>Il ordonne au <persName ref="">sieur Brion</persName>, brigadier-fourier de la 29e division, de se
                  transporter à <placeName>Reims</placeName> pour y saisir l'état détaillé de la division et de pourvoir à
                  sa solde.</note>
            </item>
            <item n="80">
               <num>80</num>
               <name type="author" ref="">SARDOU (Victorien),</name>
               <trait>
                  <p>le célèbre auteur dramatique, membre de l'Académie française.</p>
               </trait>
               <desc>L. a. s. (à <persName ref="">Vitu</persName>); <placeName>Paris</placeName>, 30 novembre 1871, 1 p. 1/4 in-8. Fâtiguée dans les
                  plis.</desc>
               <note>Très curieuse lettre où il explique sa présence aux Tuileries le 4 septembre
                  1870. Il dit qu'il allait supplier le <persName ref="">général Mellinet</persName> de retirer le drapeau dont
                  la vue exaspérait la foule et de remplacer la garde impériale par la garde
                  nationale qui seule pouvait épargner le pillage de 48; il y allait enfin pour
                  sauver la peau des laquais qui l'insultent aujourd'hui. « Voilà ce que j'ai fait
                  ce jour-là, Monsieur, et je m'en vante !</note>
            </item>
            <item n="81">
               <num>81</num>
               <name type="author" ref="">SCRIBE (Eugène),</name>
               <trait>
                  <p>le célèbre auteur dramatique, membre de l'Académie française, n. 1791, m.
                     1861.</p>
               </trait>
               <desc>L. a. s. (au <persName ref="">baron Haussmann</persName>), 3 p. in-8.</desc>
               <note>Intéressante lettre où il parle de sa
                  candidature à l'Institut.</note>
            </item>
            <item n="82">
               <num>82</num>
               <name type="author" ref="">SURIAN (Jean-Baptiste),</name>
               <trait>
                  <p>évêque de Vence, célèbre prédicateur, membre de l'Académie française, n. 1670,
                     m. 1754.</p>
               </trait>
               <desc>L. a. s. au doyen de la collégiale à <placeName>Saint-Paul</placeName>; 19 septembre 2 p. 1/2 in-4.
                  Belle lettre.</desc>
            </item>
            <item n="83">
               <num>83</num>
               <name type="author" ref="">VERNET (Horace),</name>
               <trait>
                  <p>le célèbre peintre, n. 1789, m. 1863.</p>
               </trait>
               <desc>L. a. s.; <placeName>Rome</placeName>, 14 mars 1833, 3 p. 1/4 in-4.</desc>
               <note>Très curieuse lettre écrite comme directeur de l'Académie de France à <placeName>Rome</placeName>. Il
                  demande la réforme des règlements dans un sens plus libéral. Il expose que la
                  sévérité de ces règlements est nuisible à l'entier développement des facultés d'un
                  homme fait, et il en résulte que c'est sous les directorats qui ont laissé le plus
                  à désirer sous le rapport de l'exécution des règlements que l'on a vu le plus de
                  pensionnaires sortir de l'engourdissement qu'on leur reproche.</note>
            </item>
            <item n="84">
               <num>84</num>
               <name type="author" ref="">VICTOR (Claude Perrin, dit),</name>
               <trait>
                  <p>duc de Bellune, maréchal de l'Empire, n. 1764, m. 1841.</p>
               </trait>
               <desc>L. a. s. à <persName ref="">M. Désaugiers</persName>; <placeName>Berlin</placeName>, 5 septembre 1807, 1 p. 1/4 in-4.</desc>
               <note>Très curieuse lettre relative aux moyens de défense que devraient employer les
                  Danois pour combattre les Anglais. Il souhaiterait de voir un jeune général à la
                  tête de ce vaillant peuple, pour jeter les Anglais à la mer. « Je m'échauffe
                  toutes les fois que je pense aux Anglais et surtout à la conduite infâme qu'ils
                  tiennent dans ce moment. »</note>
            </item>
            <item n="85">
               <num>85</num>
               <name type="author" ref="">VIOLLET-LEDUC (Eugène-Emmanuel),</name>
               <trait>
                  <p>le célèbre architecte, n. 1814, m. 1879.</p>
               </trait>
               <desc>6 dessins, dont 2 à l’encre et les autres au crayon, représentant des costumes
                  et une vue du château de <placeName>Pierrefonds</placeName>.</desc>
            </item>
            <item n="86">
               <num>86</num>
               <name type="author" ref="">WATT (James),</name>
               <trait>
                  <p>illustre ingénieur et inventeur anglais, qui perfectionna les
                  machines à vapeur, n. 1736, m. 1819.</p>
               </trait>
               <desc>L. a s., en français; <placeName>Birmingham</placeName>, 15 janvier
                  1779, 1 p. 1/2 in-4.</desc>
               <note>Superbe lettre relative à l'installation d'une machine
                  élévatoire. Il parle de son associé <persName ref="">Boulton</persName> qui se rend à <placeName>Londres</placeName>.</note>
            </item>
            <item n="87">
               <num>87</num>
               <name type="author" ref="">ZOLA (Emile),</name>
               <trait>
                  <p>le célèbre romancier.</p>
               </trait>
               <desc>L. a. s. à un confrère; <placeName>Paris</placeName>, 31 août 1867, 1 p. 1/2 in 8.</desc>
                <note>Intéressante lettre
                  relative à la publication de son livre : Un mariage d'amour.</note>
            </item>
            <note>DOCUMENTS HISTORIQUES</note>
            <item n="88">
               <num>88</num>
               <name>CAMPAGNE DE FRANCE DE 1814.</name>
               <desc>L. a. s. du <persName ref="">marquis de Forbin</persName> à <persName ref="">M. Alphonse
               de Beauchamp</persName> ; <placeName>Paris</placeName>, 13 janvier 1815, 2 p. 1/2 in-4.</desc>
                <note>Curieuse lettre où il lui
                  fait le récit de ce qu'il a vu à <placeName>Paris</placeName> pendant les journées des 30 et 31 mars
                   1814. Il raconte les efforts que les agents de <persName ref="">Napoléon Ier</persName> faisaient pour
                  soulever le peuple afin de retarder l'entrée des alliés dans la ville et permettre
                  à l'Empereur d'arriver pour secourir <placeName>Paris</placeName>.</note>
            </item>
            <item n="89">
               <num>89</num>
               <name>FINISTERE (département du).</name>
               <desc>L. s. du <persName ref="">duc de Choiseul</persName>, avec 8 lignes autographes, à <persName ref="">M. de Capellis</persName>;
                  <placeName>Compiègne</placeName>, 7 août 1764, 2 p. 1/4 in-fol.</desc>
               <note>Très intéressante lettre toute relative à
                  son projet d'agrandissement du port de <placeName>Brest</placeName>.</note>
            </item>
            <item n="90">
               <num>90</num>
               <name>NORD (département du).</name>
               <desc>2 l. s. du conventionnel <persName ref="">Gossuin</persName> au préfet du département du Nord; <placeName>Paris</placeName>, 7
                  thermidor an X et 22 vendémiaire an XI, 2 p. in-4.</desc>
               <note>Curieuses épitres relatives à
                  l'érection à <placeName>Lille</placeName>, d'une statue du premier consul.</note>
            </item>
            <item n="91">
               <num>91</num>
               <name>RÉVOLUTION FRANCAISE.</name>
               <desc>P. a. s. par <persName ref="">Coulombeau</persName> (secrétaire de la Commune
                  de <placeName>Paris</placeName> depuis la veille), signée aussi par <persName ref="">Santerre</persName>, commandant provisoire de la
               garde nationale; <placeName>Paris</placeName>, 11 août 1792, 3/4 de p. in-4, vignette et curieux en-tête.</desc>
               <note>Précieuse pièce datée du lendemain de la prise des Tuileries. Ils ordonnent à MM.
                  <persName ref="">Jeanson</persName> et <persName ref="">Meslé</persName>, commissaires, de se transporter aux Tuileries pour faire ouvrir les
               portes des souterrains et de faire mettre ensuite les scellés partout.</note>
            </item>
            <item n="92">
               <num>92</num>
               <name>RÉVOLUTION DE 1848.</name>
               <desc>P. a. s. par <persName ref="">Garnier-Pagès</persName>, signée aussi par <persName ref="">Marie</persName>,
                  <persName ref="">F Arago</persName>, <persName ref="">Lamartine</persName>, <persName ref="">Dupont de l'Eure</persName>, <persName ref="">Louis Blanc</persName>, <persName ref="">Marrast</persName>, <persName ref="">Ledru-Rollin</persName>, <persName ref="">Crémieux</persName> et
                  <persName ref="">Albert</persName>; <placeName>Paris</placeName>, 29 février 1848, 3/4 de p. in-fol., tête imprimée et cachet.</desc>
               <note>Nomination du <persName ref="">citoyen Pagnerre</persName> comme secrétaire général du gouvernement
               provisoire.</note>
            </item>
            <item n="93">
               <num>93</num>
               <name>VENDÉE.></name>
               <desc>L. a. s. au <persName ref="">citoyen Félix</persName>, membre de la Commune de <placeName>Paris</placeName>,
               attaché à la commission militaire qui suivait l'armée avec la guillotine, aux
               républicains, ses collègues du conseil général de la Commune de <placeName>Paris</placeName>; 13, 14 et 16
               frimaire an II (3, 4 et 6 décembre 1793), 4 p. pl. in-fol. tête impr. et vig.</desc>
                  <note>Précieux docuuent historique où il rend compte jour par jour de ce qui se
                  passait d'intéressant dans la guerre contre les Vendéens. Il raconte l'attaque
                  infructueuse du <persName ref="">général Danican</persName> sur <placeName>Mayenne</placeName> le 6 frimaire. Devant dos forces
                  supérieures, ce général a exécuté une retraite en bon ordre sur <placeName>Château-Gontier</placeName>.
                  La ville de <placeName>Laval</placeName> a été évacuée le 7 frimaire après avoir été dépourvue de vivres.
                     <persName ref="">Danican</persName> se retire sur <placeName>Angers</placeName> pour se joindre à l'armée de cette ville. Les
                  habitants et les soldats sont décidés à s'ensevelir sous les ruines de la ville
                  plutôt que de battre en retraite. Les 7, 8 et 9 frimaire, on a exécuté quelques
                  conspirateurs « pour ne pas laisser rouiller le razoir national ». Récit de
                  l'attaque d'<placeName>Angers</placeName> par les Vendéens qui s'est produite au moment où l'on allait
                  fusiller 129 brigands. La commission militaire se retire sur <placeName>Doué</placeName>, emmenant les
                  prisonniers avec elle. En chemin il a entendu la canonnade et il a aperçu la fumée
                  de l'incendie qui avait été allumé pour empêcher les Vendéens d'entrer dans
                  <placeName>Angers</placeName>. (Les Vendéens furent repoussés dans leur attaque sur <placeName>Angers</placeName>, le 14
                  frimaire an II, 5 décembre 1793). Il lui indique les moyens de défense des
                  <placeName>Ponts-de-Cé</placeName>, et croit que les brigands y trouveront leur tombeau. Curieuse
                  apologie de la guillotine.</note>
            </item>
            <item n="94">
               <num>94</num>
               <name>VENDÉE.</name>
               <desc>P. s. par <persName ref="">Le Roux</persName>, juge de paix de Clisson, contresig. par les
                  officiers municipaux de cette ville; <placeName>Nantes</placeName>, 15 sept. 1793, 2 p. in- fol.</desc>
               <note>Etal des meubles et effets pillés par les révoltés dans sa maison de
                  Beauséjour, dans la commune et au bas du bourg de <placeName>Verton</placeName>.</note>
            </item>
            <item n="95">
               <num>95</num>
               <name>VIENNE (département de la).</name>
               <desc>Charte en latin, sur vélin, du <persName ref="">roi Philippe le Hardi</persName>; <placeName>Paris</placeName>, septembre 1277, 1
                  p. in-4 oblong.</desc>
            <note>Intéressant document. Le roi accorde aux bacheliers de l'église de
                  <placeName>Poitiers</placeName> de posséder paisiblement les héritages dont ils avaient fait
                  l'acquisition dans les fiefs et arrière-fiefs du roi et dont ils avaient payé la
                  finance au <persName ref="">sénéchal de Poitou</persName> et <persName ref="">de Saintonge</persName>.</note>
            </item>
            <item n="96">
               <num>96</num>
               <name>ACADéMIE FRANÇAISE</name>
               <desc>26 pièces. <persName ref="">Berryer Scribe</persName>, <persName ref="">Guizot, Sardou</persName>,
                  <persName ref="">Mézières</persName>, <persName ref="">Maxime Du Camp</persName>, <persName ref="">cardinal Dubois</persName>, <persName ref="">Vitet</persName>, <persName ref="">Léon Say</persName>, etc.</desc>
            </item>
            <item n="97">
               <num>97</num>
               <name>ARTISTES DRAMATIQUES.</name>
               <desc>50 pièces. <persName ref="">Dumaine</persName>, <persName ref="">Lionnet</persName>, <persName ref="">Marie Delaporte</persName>,
                  <persName ref="">Samson</persName>, <persName ref="">Truffier</persName>, <persName ref="">F.Febvre</persName>, <persName ref="">E. Doche</persName>, etc.</desc>
            </item>
            <item n="98">
               <num>98</num>
               <name>CARTES DE VISITE.</name>
               <desc>15 pièces. <persName ref="">Gounod</persName>, <persName ref="">Detaille</persName>, <persName ref="">Daudet</persName>, <persName ref="">général
                  Mellinet</persName>, <persName ref="">Madame Desclauzas</persName>, <persName ref="">Renée du Minil</persName>, <persName ref="">Anaïs Fargueil</persName>, <persName ref="">Sardou</persName>, <persName ref=""><Zola/persName>, etc.
               Toutes ces pièces portent quelques lignes aut. sig.</desc>
            </item>
            <item n="99">
               <num>99</num>
               <name>CARTES DE VISITE.</name>
               <desc>45 pièces. <persName ref="">Rochefort</persName>, <persName ref="">général Renault</persName>, <persName ref="">général Yusuf</persName>,
                  <persName ref="">Berte Fayolle</persName>, <persName ref="">Eiffel</persName>, <persName ref="">Cuvillier-Fleury</persName>, <persName ref="">Delaunay</persName>, <persName ref="">Larroumet</persName>, etc. La plupart de ces
               cartes sont revêtues de quelques mots aut.</desc>
            </item>
            <item n="100">
               <num>100</num>
               <name>COMPOSITEURS DE MUSIQUE.</name>
               <desc>29 pièces. <persName ref="">Massenet</persName>, <persName ref="">Membrée</persName>, <persName ref="">Planquette</persName>,
                  <persName ref="">Delibes</persName>, <persName ref="">Poise</persName>, <persName ref="">Niedermeyer</persName>, <persName ref="">Reyer</persName>, <persName ref="">Meyerbeer</persName>, <persName ref="">Delibes</persName>, <persName ref="">Pessard</persName>, etc.</desc>
            </item>
            <item n="101">
               <num>101</num>
               <name>DIVERS.</name>
               <desc>85 pièces. <persName ref="">Egger</persName>, <persName ref="">général Boulanger</persName>, <persName ref="">Magne</persName>, <persName ref="">Bruix</persName>, <persName ref="">Lacépède</persName>,
                  <persName ref="">maréchal de Ségur</persName>, <persName ref="">Bourgoin</persName>, <persName ref="">Montholon</persName>, <persName ref="">duc de Penthièvre</persName>, etc.</desc>
            </item>
            <item n="102">
               <num>102</num>
               <name>DIVERS.</name>
               <desc>150 pièces. Intéressante réunion de lettres d'artistes et de
                  littérateurs adressées au célèbre critique d'art, <persName ref="">Philippe Burty</persName>.</desc>
            </item>
            <item n="103">
               <num>103</num>
               <name>DIVERS.</name>
               <desc>75 pièces. <persName ref="">Zacharie Astruc</persName>, <persName ref="">H. Babou</persName>, <persName ref="">X. Eyma</persName>, <persName ref="">Lacretelle</persName>,
                  <persName ref="">Vitu</persName>, <persName ref="">L. Stapleaux</persName>, <persName ref="">Paul Lacroix</persName>, <persName ref="">E. Daudet</persName>, etc. -Toutes ces lettres sont adressées
                  à <persName ref="">Poulet-Malassis</persName>.</desc>
            </item>
            <item n="104">
               <num>104</num>
               <name>DIVERS.</name>
               <desc>23 pièces. <persName ref="">Berthier</persName>, <persName ref="">De Trousseau</persName>, <persName ref="">Got</persName>, <persName ref="">Barthelemy Saint-Hilaire</persName>, <persName ref="">Sarline</persName>, <persName ref="">Gassendi (le général)</persName>, etc.</desc>
            </item>Gassendi (le général)
            <item n="105">
               <num>105</num>
               <name>HOMMES DE GUERRE.</name>
               <desc>18 pièces. <persName ref="">Augereau</persName>, <persName ref="">Clarke</persName>, <persName ref="">Victor</persName>, <persName ref="">Ney</persName>, <persName ref="">Mortier Suchet</persName>, <persName ref="">Guilleminot</persName>, <persName ref="">Rapp</persName>, <persName ref="">Macdonald</persName>, etc.</desc>
            </item>
            <item n="106">
               <num>106</num>
               <name>HOMMES POLITIQUES.</name>
               <desc>26 pièces. <persName ref="">Chamillart</persName>, <persName ref="">d'Aguesseau</persName>, <persName ref="">Corbière</persName>,
                  <persName ref="">Clermont-Tonnerre</persName>, <persName ref="">Vergennes</persName>, <persName ref="">Dupin</persName>, <persName ref="">Champagny</persName>, etc.</desc>
            </item>
            <item n="107">
               <num>107</num>
               <name>LITTÉRATEURS.</name>
               <desc>90 pièces. <persName ref="">Paul de Saint-Victor</persName>, <persName ref="">E. Gonzalès</persName>, <persName ref="">Paul
                  Foucher Champfleury</persName>, <persName ref="">Béranger</persName>, <persName ref="">Madame Adam</persName>, <persName ref="">Eugène Chavette</persName>, <persName ref="">Nadar</persName>, <persName ref="">de Tinseau</persName>,
               etc.</desc>
            </item>
            <item n="108">
               <num>108</num>
               <name>MÉDECINS.</name>
               <desc>150 pièces environ. Importante réunion de pièces émanant de
               médecins et chirurgiens du XVIIe au XIXe siècle.</desc>
            </item>
            <item n="109">
               <num>109</num>
               <name>PEINTRES.</name>
               <desc>11 pièces. <persName ref="">A. Hesse</persName>, <persName ref="">Vibert, E</persName>. <persName ref="">Fromentin</persName>, <persName ref="">Detaille</persName>, <persName ref="">Roll</persName>,
               etc.</desc>
            </item>
            <item n="110">
               <num>110</num>
               <name></name>
               <desc>Sous ce numéro on vendra un certain nombre d'autographes non
               catalogués.</desc>
            </item>
         </list>
      </body>
      <gap/>
   </text>
</TEI>