<?xml version="1.0" encoding="UTF-8"?>
<TEI xmlns="http://www.tei-c.org/ns/1.0">
   <teiHeader xmlns:tei="http://www.tei-c.org/ns/1.0"
              xmlns:s="http://purl.oclc.org/dsdl/schematron">
      <fileDesc>
         <titleStmt>
            <title>Titre du catalogue</title>
            <respStmt>
               <persName ref="#COL_000001">Jordan Cuttat</persName>
               <resp>
                  <date when="2019">2019</date>
               </resp>
            </respStmt>
         </titleStmt>
         <extent/>
         <publicationStmt>
            <publisher>Projet e-Ditiones, Université de Neuchâtel</publisher>
            <availability status="restricted">
               <licence target="https://creativecommons.org/licenses/by/2.0">Attribution 2.0 Generic (CC BY 2.0)</licence>
            </availability>
         </publicationStmt>
         <sourceDesc>
            <bibl>
               <title>à renseigner</title>
               <num>si nécessaire</num>
               <editor/>
               <publisher/>
               <pubPlace/>
               <date/>
            </bibl>
            <listEvent>
               <event>
                  <p>
                     <address>
                        <addrLine/>
                     </address>
                     <persName type="auctioneer"/>
                     <persName type="expert"/>
                     <date/>
                  </p>
               </event>
            </listEvent>
            <listWit>
               <witness>
                  <ptr/>
               </witness>
            </listWit>
            <listBibl>
               <bibl/>
            </listBibl>
         </sourceDesc>
      </fileDesc>
      <profileDesc>
         <langUsage>
            <language ident="fr">french</language>
         </langUsage>
      </profileDesc>
      <encodingDesc>
         <samplingDecl>
            <p>This electronic version of the catalog only reproduces the entries that correspond to documents for sale. All text preceding or succeeding the list of documents for sale is not reproduced below.</p>
         </samplingDecl>
         <appInfo>
            <application version="1.6" ident="Transkribus" when="2019">
               <label>Transkribus</label>
               <ptr target="https://transkribus.eu/Transkribus/"/>
            </application>
            <application version="0.5.4" ident="GROBID" when="2019">
               <label>GROBID_Dictionaries - A machine learning software for structuring digitized dictionaries</label>
               <ptr target="https://github.com/MedKhem/grobid-dictionaries"/>
            </application>
         </appInfo>
      </encodingDesc>
   </teiHeader>
   <text>
      <body>
         <gap/>
         <list>
            <item n="1">
               <num>1</num>
               <name type="author">. ADAM (Adolphe),</name>
               <trait><p>le célèbre compositeur de musique, n. 1803, m. 1856.</p></trait>
               <desc> Le jaloux au bal, morceau de musique aut. sig. ; 20 juillet 1843, 2 p. in-folio
                  oblong. Superbe pièce</desc>
            </item>                                      
            <item n="2">
               <num>2</num>
               <name type="author">. ALBANI (Francesco),</name> 
               <trait><p>un des plus grands peintres italiens du XVIIe
                  siècle, n. 1578, m. 1660</p></trait>         
               <desc>L. a. s. à Girolamo Bonnini; <placeName>Bologne</placeName>, 10 octobre 1658, 2 p. in-fol. Légères
                  taches.</desc>
               <note>Importante lettre artistique, où il parle de ses travaux, de <persName>Salvatore Rosa</persName>, de la
                  mort de <persName>Cromwell</persName>, de la <persName>Sainte Marguerite d'Annibal Carrache</persName>, etc</note>
            </item>
            <item n="2"> 
               <num>3</num>
               <name type="author">. ALEMBERT (Jean Leronp d'), </name>
               <trait><p>l'illustre savant et philosophe, membre
                  de l'Académie française, n. 1717, m. 1783 </p></trait>               
               <desc>L. a. s. au P. Frisi;<placeName> Paris</placeName>, 11 juin, 2 p. in-4. </desc>             
               <note>Superbe lettre où il parle de
                  l'Encyclopédie. Il lui accuse réception de son ouvrage sur la lune qu'il a
                  présenté à l'Académie, etc. </note>
            </item>
            <item n="4">
               <num>4</num> 
               <name type ="author">. ALEXANDRE Ier,</name> 
               <trait><p>empereur de <placeName>Russie</placeName>, n. 1777, m. 1825.</p></trait>                    
               <desc>L. a. s. en russe ; 1800, 1 p. in-4. </desc>
            </item>
            <item n="5">
               <num>5</num>
               <name type="author"> ALPHONSE II d’ESTE,</name>
               <trait><p>duc de <placeName>Ferrare</placeName>, fils de <persName>Renée de France</persName>, frère de la belle <persName>Léonora d'Este</persName>,
                  aimée par Le Tasse, n. 1533, m. 1597.</p></trait> 
               <desc>Document signé en tête sur vélin; <placeName>Ferrare</placeName>,
                  20 février 1560, 10 p. in-folio</desc>
            </item>         
            <item n="6">
               <num>6</num>
               <name type="author">. ANGOULEME (Charles de Valois, duc d'),</name> 
               <trait><p>fils naturel de <persName>Charles IX</persName> et de<persName> Marie Touchet</persName>, compagnon d'armes de <persName>Henri IV</persName>, auteur de Mémoires, n. 1573, m.
                  </p></trait>               
               <desc>L. a. s. (au <persName>duc de Lorraine</persName>?) ; Verdun, 5 mai 1625, 2 p. in-folio. </desc>            
               <note>Superbe lettre toute relative au ravitaillement de ses troupes. </note>
            </item>           
            <item n="7">
               <num>7.</num> 
               <name type="author"> ANNE D'AUTRICHE,</name> 
               <trait><p> reine de France, femme de <persName>Louis XIII</persName>, n. 1601, m. 1666. </p></trait>   
               <desc>P. s. sur vélin; <placeName>Fontainebleau</placeName>, 20 septembre 1644, 1 p. in-fol. </desc>
            </item>
            <item n="8"> 
               <num> 8.</num> 
               <name type="author"> ANNE IVANOWNA,</name> 
               <trait><p> duchesse de <placeName>Courlande</placeName>, puis
                  impératrice de <placeName>Russie</placeName> après la mort de <persName>Pierre II</persName>, nièce de <persName>Pierre le Grand</persName>,
                  maîtresse du fameux Biren, qu'elle fit duc de <placeName>Courlande</placeName>, n. 1693, m. 1740. </p></trait>
               <desc>L. s.,en allemand, avec une ligne aut., à <persName>Elisabeth-Sophie, margrave de Bayreuth</persName>, sa
                  belle-mère; <placeName>Saint-Pétersbourg</placeName>, 15 janvier 1711, 2 p. in-folio. Rare.</desc>
               <note>Superbe lettre où elle lui fait part de la mort de son mari décédé après six jours
                  de maladie</note>
            </item>
            <item n="9">
               <num>9</num>
               <name type="author">. BALZAC (Honoré de),</name>
               <trait><p>le grand écrivain, n. 1799, m. 1850 le grand écrivain, n. 1799, m. 1850</p></trait>   
               <desc>L. a. s. à son cousin <persName>Ch. Sédillot;</persName> (1er juin 1829), 1 p. in-8. </desc>         
               <note> Curieuse lettre où il lui donne la liste de diverses sommes quil doit. Il termine en souhaitant
                  d'atteindre bientôt la fin de ces paie- ments. « La librairie devient malade.</note>
            </item>
            <item n="10">
               <num>10. </num>
               <name type="author">BASSOMPIERRE (François II de),</name> 
               <trait><p> maréchal de <placeName>France</placeName>, auteur de Mémoires, n.1579, m. 1646. </p></trait>                
               <desc>P. s. ; <placeName>Paris</placeName>,  14 juin 1626, 2 p. in-folio. </desc>
            </item>
            <item n="11">
               <num>11.</num>
               <name type="author">BECCARIA (César, marquis de)</name>
               <trait>
                  <p>, célèbre philosophe et économiste italien, n. 1738, m. 1794.</p>
               </trait>
               <desc>P. a. s.; Milan, 18 mars 1785, 1/2 p. in-folio. Rare.</desc>
            </item>
            <item n="12">
               <num>12.</num>       
               <name type="author">BEETHOVEN (Ludwig van),</name> 
               <trait><p>le grand compositeur de musique allemand, n. 1770, m. 1827. </p></trait>
               <desc>Morceau de musique aut., 2 p. in-4 oblong. Superbe et rare Pièce</desc>
            </item>
            <item n="13">
               <num>13.</num>
               <name type="author"> BELGIOSO (Christine Trivuuzio princesse de),</name>
               <trait>
                  <p>célèbre patriote italienne, amie d'<persName>Alfred de Musset</persName>, n. 1808, m. 1861</p>
               </trait>
               <desc>L. a. s. à Mammiani; <placeName>Milan</placeName>, 15 octobre 1860, 4 p. in-8. Belle lettre</desc>
            </item>
            <item n="14">
               <num>14</num>
               <name type="author">. BELLINI (Vincent),</name>
               <trait>
                  <p>célèbre compositeur de musique italien, auteur de la Norma, n. 1802, m. 1835</p>
               </trait>
               <desc>L. a. s., en français; Paris, 28 janvier 1835, 1 p. 1/2 in-8.</desc>
               <note>Jolie lettre où il remercie les artistes de l'Opéra du zèle avec lequel ils ont joué son opéra (1 Puritani). « Je n'aurais pas trouvé dans ma famille, plus d'obligeance et de soins à me seconder qu'en vous tous.</note>
            </item>
            <item n="15">
               <num>15</num>
               <name type="author">. BERANGER (Pierre-Jean de),</name>
               <trait>
                  <p>le célèbre chansonnier, n. 1780, m. 1857</p>
               </trait>
               <desc>L. a. s. à <persName>Madame Gévaudan</persName>; 17 août 1829, 3 p. in-8.</desc>
               <note>Très jolie lettre écrite de prison. Il est sous la main d'un horrible homme nommé<persName> Mangin</persName>. Il annonce que dans trente-six jours il sera libre, et, faisant allusion à la démission du préfet de police, <persName>M. de Belleyme</persName>, il dit que ce dernier aurait dû attendre sa sortie pour s'en aller</note>
            </item>
            <item n="16">
               <num>16.</num>
               <name type="author"> BÉRANGER (Pierre-Jean de).</name> 
               <trait><p>L'Ami <persName>Robin</persName>, chanson autographe, </p></trait>
               <desc>3 p. in-8. Jolie pièce</desc>
            </item>
            <item n="17">
               <num>17.</num>
             <name type ="author">  BOFFRAND (Germain), célèbre architecte,</name> 
              <trait><p>qui construisit le palais de <placeName>Nancy</placeName> et le château de <placeName>Lunéville</placeName>, n. à <placeName>Nantes</placeName>, 1667, m. 1754.</p></trait> 
               <desc>L. a. s.; Paris, 22 septembre 1746, 2 p. in-4. Rare. Belle lettre relative à la construction d'une tribune de l'Hôtel de Ville.</desc>
            </item>
               <item n="18">
                 <num>18.</num>
                  <name type ="author">BOISSY D'ANGLAS (François-Antoine de)</name>
                  <trait><p>, député de l'<placeName>Ardèche</placeName> à la Convention, qui s'illustra par son héroïque conduite lors de l'insurrection de Prairial an III, n. 1756, m. 1826.</p></trait> 
                  <desc>L. a. s. au <persName>baron Mounier</persName>;<placeName> Paris</placeName>, 12 juillet 1814, 2 p. in-folio. Belle lettre</desc>
            </item>
            <item n="19">
               <num>19</num>
               <name type="author">. BONAPARTE (Catherine),</name>
               <trait>
                  <p>reine de Westphalie, femme de <persName>Jérôme Bonaparte</persName>, n. 1783, m. 1835</p>
               </trait>
               <desc>L. a. s. en français à <persName>Madame de Hautmesnil</persName>; <placeName>Florence</placeName>, 24 décembre 1831, 1 p. in-12. Jolie et rare pièce</desc>
            </item>
            <item n="20">
               <num>20</num>
               <name type ="author">BUSSY-RABUTIN (Roger, comte de),</name> 
               <trait><p>cousin de <placeName>Madame de Sévigné</placeName>, auteur de l'Histoire amoureuse des Gaules, membre de l'Académie française, n. 1618, m. 1693.</p></trait> 
               <desc>P. s. sur vélin ; 31 décembre 1665, 1 p. in-4 oblong.</desc>
               <note>Reçu d'un mois de ses appointements de maître de camp général de la cavalerie légère</note>
            </item>
            <item n="21">
               <num>21</num>
               <name type="author">CAMPAN (Jeanne-Louise-Henriette Genet),</name> 
               <trait><p>lectrice de <persName>Marie-Antoinette</persName>, auteur de Mémoires, n. 1752, m. 1822.</p></trait> 
               <desc>L. aut. à sa nièce, la <persName>duchesse d'Elchingen</persName>; <placeName>Clermont</placeName>, 28 août 1810, 3 p. in-4.</desc>
               <note>Curieuse lettre où elle lui demande si elle est allée à <placeName>Paris</placeName> pour la. fête de l'Empereur. Au cas où elle ne l'aurait pas fait, elle lui conseille de le faire l'année suivante et elle lui transcrit le canevas d'une conversation qu'elle pourrait avoir avec l'Empereur. « Les vieux usages doivent revenir avec les formes qui appartenaient aux grands. » Cette lettre porte au dos un certificat d'authenticité de la <persName>maréchale Ney</persName></note>
            </item>
            <item n="22"> 
              <num> 22. </num>
              <name type="author"> CATHERINE II,</name> 
               <trait><p>dite la Grande, impératrice de <placeName>Russie</placeName>, n. 1729, m. 1796. P. s. sur vélin ; <placeName>Saint-Pétersbourg</placeName>, 29 avril 1765,</p></trait> 
              <desc> 1 p. in-folio, encadrements à sujets, grand cachet bien conservé.</desc> 
              <note> Superbe pièce, contresignée par son fils Paul, le futur empereur, en qualité de grand-amiral.</note>
            </item>
            <item n="23">
               <num>23.</num>
               <name type="author">CATHERINE II.</name> 
               <desc>L. a. s. Sophie, en français, au <persName>maréchal von Plessen</persName> ; <placeName>Zerbst</placeName>, 29 mai 1743, 2 p. in-4. Rare. (Collection von der Tann.)</desc>
               <note>Précieuse lettre, écrite comme <persName>princesse d'Anhalt-Zerbst</persName>, au sujet de compliments qu'elle doit adresser à un de ses oncles.</note>
            </item>
            <item n="24">
               <num>24</num>
               <name type="author">. CHARLES XII,</name>
               <trait>
                  <p>roi de <placeName>Suède</placeName>, illustre guerrier, adversaire de <persName>Pierre le Grand</persName>, n. 1682, tué en 17 18</p>
               </trait>
               <desc>L. a. s., en français (à <persName>Louis XIV</persName>); <placeName>Stralsund</placeName>, 13 décembre 1714, 1/2 p. in-4. Rare.</desc>
               <note>Précieuse pièce. Il lui annonce l'envoi du <persName>baron de Sparre</persName> qui est chargé de ses instructions pour négocier un traité de paix</note>
            </item>
            <item n="25">
               <num>25</num>
               <name type="author">. CHATEAUBRIAND (François-René, vicomte de),</name>
               <trait>
                  <p>l'illustre écrivain, membre de l'Académie française, n. 1768, m. 1848</p>
               </trait>
               <desc>L. a. s. à une demoiselle ; <placeName>Londres</placeName>, 28 mai 1823, 1 p. 1/2 in-4.</desc>
               <note>Belle lettre où il déclare que la famille de son beau-frère n'habite pas l'<placeName>Angleterre</placeName> et qu'elle se trouve dans une situation peu heureuse</note>
            </item>
            <item n="26">
               <num>26</num>
               <name type="author">. CHENIER (Marie-Joseph de),</name>
               <trait>
                  <p>frère cadet d'<persName>André Chénier</persName>, conventionnel, auteur dramatique, membre de l'Académie française, n. 1764, m. 1811</p>
               </trait>
               <desc>L. a. s. à un confrère; 12 juin 1806, 1 p. in-8.</desc>
               <note>Intéressante lettre où il parle de ses études relatives à l'instruction publique sur lesquelles il appelle l'attention du gouvernement. Il déclare qu'il est urgent pour lui de trouver des moyens d'existence</note>
            </item>
            <item n="27">
               <num>27</num>
               <name type="author">CHERUBINI (Louis),</name> 
               <trait><p>célèbre compositeur de musique, n. 1760, m. 1842.</p></trait> 
              <desc> Morceau de musique aut. sig., 1 p. in-8 oblong. 
               C'est un sujet de fugue</desc>
            </item>
            <item n="28">
               <num>28</num>
               <name type="author">. CHOPIN (Frédéric),</name>
               <trait>
                  <p>célèbre pianiste et compositeur de musique, n. 1810, m. 1849</p>
               </trait>
               <desc>L. a. s. (à <persName>Franchomme</persName>); <placeName>Nohant</placeName> (4 juillet 1844), 1 p. in-8. Très rare. Précieuse pièce, relative à la publication d'une de ses oeuvres dont il demande 600 francs. En post-scriptum <persName>Chopin</persName> fait mention de <persName>George Sand</persName></desc>
            </item>
            <item n="29">
               <num>29</num>
               <name type="author">. CONDE (Henri II de Bourbon, prince de),</name>
               <trait>
                  <p>célèbre chef protestant, père du Grand Fondé, chef du Conseil de Régence après la mort de <persName>Louis XIII</persName>, n. 1588, m. 1646</p>
               </trait>
               <desc>L. a. s. au pape (<persName>Urbain VIII</persName>) ; <placeName>Paris</placeName>, 9 novembre 1645, 1 p. in-folio, adresse et cachet.</desc>
               <note>Superbe lettre où il le supplie de considérer les intérêts de la France avec autant d'affection que l'ont fait ses prédécesseurs</note>
            </item>
            <item n="30">
               <num>30</num>
              <name type="author">DANTON (Georges),</name> 
               <trait><p>le célèbre conventionnel, n. 1759, décapité en 1794. </p></trait>
              <desc>P. s. ;<placeName> Paris</placeName>, 22 août 1792,  3 p. 1/4 in-folio, cachet. Rare.</desc>
               <note>Signature apposée sur une copie conforme de la loi du 20 août 1792, réglementant le service des troupes suisses au service de la France</note>
            </item>
            <item n="31">
               <num>31</num>
               <name type="author">. DASCHKOW (Catherine Romanofna, princesse),</name>
               <trait>
                  <p>favorite de l'impératrice <persName>Catherine II</persName>, qui lui dut son avènement au trône, n. 1744, m. 1810</p>
               </trait>
               <desc>L. a. s., en français, au <persName>R. P. Hermengilde Pini</persName>; <placeName>Pise</placeName>, 10 juillet, 1 p. in-4. Très rare. (Coll. A. Bovet.)</desc>
               <note>Belle lettre de remerciements du cadeau qu'il lui a envoyé. « Vous m'obligeriez infiniment si vous me donniez quelques renseignements sur les endroits de l'Italie qui me restent à voir où je puisse trouver des choses qui regardent l'histoire naturelle. » Très jolie lettre au point de vue des relations littéraires qui unissaient les beaux esprits à cette époque</note>
            </item>
            <item n="32">
               <num>32</num>
               <name type="author">. DICKENS (Charles),</name>
               <trait>
                  <p>le célèbre romancier anglais, n. 1812, m. 1870</p>
               </trait>
               <desc>L. a. s. D (à son frère Fred) ; <placeName>Londres</placeName>, 28 février 1848, 1 p. 1/2 in-8. Jolie lettre</desc>
            </item>
            <item n="33">
               <num>33</num>
               <name type="author">. DOSTOIEWSKI (Théodor),</name>
               <trait>
                  <p>le célèbre romancier russe, n. 1821, m. 1881</p>
               </trait>
               <desc>L. a. s. ; 3 juillet 1848, 1 p. in-4. Rare</desc>
            </item>
            <item n="34">
               <num>34</num>
               <name type="author">. DONIZETTI (Gaétano),</name>
               <trait>
                  <p>le célèbre compositeur de ! musique italien, n. 1798, m. 1848</p>
               </trait>
               <desc>L. a. s. au <persName>comte Giulio Pullé</persName>; <placeName>Venise</placeName>, 20 février 1837, 2 p. 1/2 in-8. Légers raccommodages. Très intéressante lettre, toute musicale. La musique sérieuse, dit-il, a besoin d'être mâchée.</desc>
            </item>
            <item n="35">
               <num>35</num>
               <name type="author">DU CHASTEL (Tanneguy),</name> 
              <trait><p> habile guerrier, prévôt de <placeName>Paris</placeName>, qui sauva le dauphin <persName>Charles VII</persName> lors de l'entrée des Bourguignons dans <placeName>Paris</placeName> en 1418, n. 1369, m. 1449.</p></trait>
               <desc>L. s., en latin, sur vélin, à son trésorier; 4 avril 1448, 1 p. in-folio oblong. Superbe et rare pièce</desc>
            </item>
            <item n="36">
               <num>36</num>
               <name type="author">. DUCIS (Jean-François),</name>
               <trait>
                  <p>le célèbre poète tragique, membre de l'Académie française, n. 1733, m. 1816</p>
               </trait>
               <desc>L. a. s. à <persName>Campenon</persName>; <placeName>Versailles</placeName>, 23 décembre 1813, 2 p. in-4.</desc>
               <note>Très jolie lettre où il parle de ses confrères de l'Académie française, <persName>Roger</persName>, <persName>Auger</persName> et <persName>Droz</persName>. Il signe : « Ducis, une des sept étoiles de la pleyade du <placeName>Luxembourg</placeName>.</note>
            </item>
            <item n="37">
               <num>37</num>
               <name type="author">. DUMAS (Alexandre),</name>
               <trait>
                  <p>le grand romancier, n. 1803, m. 1870</p>
               </trait>
               <desc>L. a. 8. au propriétaire du Mercure aptésien; (1864), 5 p. 1/2 in-4.</desc>
               <note>Curieuse lettre à un rédacteur de journal qui avait dénommé les ouvrages d'<persName>Alexandre Dumas</persName>, les élucubrations du grand Alexandre, et qui avait félicité ses compatriotes d'avoir écarté de leur bibliothèque les oeuvres du grand romancier. Il lui rappelle que les habitants d'Apt n'ont pas toujours eu la même opinion et il le raille sur la façon dont son journal est composé.</note>
            </item>
            <item n="38">
               <num>38</num>
              <name type="author">DUPLESSIS-MORNAY (Philippe),</name> 
               <trait><p>illustre chef du parti protestant, ami et conseiller de <persName>Henri IV</persName>, surnommé le Pape des Huguenots, n. 1549, m. 1623.</p></trait> 
              <desc> L. a. s. à <persName>Villarnoul</persName>; <placeName>Saumur</placeName>, 30 juin 1610, 1 p. in-folio. Belle pièce.</desc>
            </item>
               <item n="39">
                  <num>39.</num>     
                 <name>EUGÈNE DE SAVOIE (le prince),</name> 
                  <trait><p>illustre guerrier, un des plus redoutables adversaires de Louis XIV, n. 1663, m. 1736.</p></trait> 
                  <desc>L. a. s., en français, (au duc de Savoie, roi de Sardaigne,<persName> Victor Amédée II</persName>); <placeName>Rastadt</placeName>, 23 juin 1704, 3 p. 1/2 in-folio.</desc>
               <note>Importante lettre historique. S'il a quitté l'Italie pour l'Allemagne, c'est pour aider indirectement <persName>Victor Amédée</persName> qu'il a recommandé à <placeName>Malborough</placeName> et à <persName>Stabremberg</persName>; il redoute le passage du Rhin par les Français, parce qu'il leur est inférieur en force et n'est pas soutenu par les Danois ; il espère que Verceil résistera plus longtemps que Suse</note>
            </item>
            <item n="40">
               <num>40</num>
               <name type="author">. FLORIAN (Jean-Pierre Claris de),</name>
               <trait>
                  <p>le célèbre fabuliste, membre de l'Académie française, n. 1755, m. 1794</p>
               </trait>
               <desc>L. a. s., 1 p. 1/2 in-8.</desc>
               <note>Intéressante lettre où il dit qu'il reste enfermé chez lui pour s'occuper de sa notice sur <persName>Voltaire</persName>. « Ce nom de <persName>Voltaire</persName> a bien embelli mon ouvrage; il tachera qu'il fasse pleurer ceux qui entendront le récit de ses bienfaits.</note>
            </item>
            <item n="41">
               <num>41.</num> 
               <name type="author">FLORIAN (Jean-Pierre Claris de). </name>
               <desc>La Sauterelle, fable autographe, 3 p. in-8. Très jolie pièce</desc>
            </item>
            <item n="42">
               <num>42</num>
               <name type="author">. FLOTOW (Friedrich-Ferdinand de),</name>
               <trait>
                  <p>célèbre compositeur de musique allemand, auteur de Martha, n. 1812, m. 1883</p>
               </trait>
               <desc>L. a. s., en français, à <persName>Léon Escudier</persName>; <placeName>Paris</placeName>, 5 mars 1878, 2 p. in-4. Très belle lettre où il fait l'historique de son ouvrage Zora l'enchanteresse. Il parle aussi de <persName>Martha</persName></desc>
            </item>
            <item n="43">
               <num>43</num>
               <name type="author">. FONTENELLE (Bernard Le Bouver de),</name>
               <trait>
                  <p>célèbre écrivain, mathématicien et philosophe, neveu de <persName>Corneille</persName>, membre de l'Académie française, n. 1657, m. 1757</p>
               </trait>
               <desc>L. a. s. à <persName>M. de Mairan</persName>; jeudi 16,1 p. in-8. Rare.</desc>
               <note>Jolie lettre relative à la pension de l'<persName>abbé de Genest</persName>, de l'Académie française</note>
            </item>
            <item n="44">
               <num>44</num>
               <name type="author">. FOSCOLO (Ugo),</name>
               <trait>
                  <p>célèbre poète et écrivain italien, n. 1778, m. 1827</p>
               </trait>
               <desc>L. a. s. à <persName>Ugo Brunetti</persName>; 23 décembre (1807), 1 p. in-4. Belle lettre</desc>
            </item>
            <item n="45">
              <num> 45.</num> 
              <name type="author"> FRAGONARD (Jean-Honoré),</name> 
              <trait><p> célèbre peintre, élève de <persName>Boucher</persName>, n. 1732, m. 1806.</p></trait> 
               <desc>P. a. s. ; <placeName>Paris</placeName>, 26 nivôse an VI (15 janvier 1798), 1 p. in-8 oblong. Rare. Il donne reçu de la somme de 14 pièces d'or qui lui a été payée pour deux dessins des Contes de <persName>La Fontaine</persName>.</desc>
            </item>
            <item n="46">
               <num>46.</num>
               <name type="author">FRANCOIS DE SALES (Saint),</name> 
              <trait><p> l'illustre évêque de Genève, n. 1567, m. 1622. </p></trait>
               <desc>P. s. ;<placeName> Genève</placeName>, 17 juin 1606, 1 p. in-4. Il déclare avoir reçu de <persName>Pierre Demuzy</persName>, son fermier, la redevance qu'il lui doit pour deux années de fermage.</desc>
            </item>
            <item n="47">
              <num> 47. </num>
              <name> FRANCOIS Ier, roi de France,</name> 
              <trait><p> n. 1494, m. 1547. </p></trait>
              <desc> L. s. au chapitre de l'église de <placeName>Lyon</placeName>; 11 août 1538, 1/2 p. in-4.</desc>
               <note>Belle lettre où il informe les membres du chapitre qu'il dispense de la résidence le prieur de la chapelle de leur église</note>
            </item>
            <item n="48">
               <num>48</num>
               <name type="author">. FRERON (Elie-Catherine),</name>
               <trait>
                  <p>fameux critique et polémiste, ennemi acharné de <persName>Voltaire</persName>, n. 1719, m. 1776</p>
               </trait>
               <desc>L. a. s. à <persName>M. Le Gouvé</persName>, avocat au Parlement ; <placeName>Versailles</placeName>, 4 février 1776, 1 p. in-4, cachet. Jolie lettre où il le félicite du succès d'Attilie</desc>
            </item>
            <item n="49">
               <num>49</num>
               <name type="author">. FRUGONI (Carlo-Innocenzo),</name>
               <trait>
                  <p>célèbre poète italien, n. 1692, m. 1768</p>
               </trait>
               <desc>L. a. s. à un cardinal; <placeName>Plaisance</placeName>, 25 mai 1725, 2 p. in-4. Belle lettre d'envoi de cinq sonnets en réponse à un défi de Son Eminence</desc>
            </item>
            <item n="50">
               <num>50</num>
               <name type="author">. GAUTIER (Théophile),</name>
               <trait>
                  <p>le célèbre écrivain, n. 1811, m. 1872</p>
               </trait>
               <desc>L. a. s. à <persName>Madame Lacroix</persName> (janvier 1855), 1/2 p. in-8, cachet brisé. Intéressante lettre où il lui annonce la mort de <persName>Gérard de Nerval</persName>.</desc>
            </item>
            <item n="51">
               <num>51.</num> 
               <name type="author">GÉRARD DE NERVAL (Gérard Labrunie, dit),</name> 
               <trait><p>célèbre poète et littérateur, traducteur de Faust, n. 1808, m. par suicide en 1855. 1° </p></trait>
              <desc> L. a. s.; 1er mai 1852, 1 p. in-12. -2° Dessin original au crayon, représentant une Orientale, 1 p. in-8. Ce dessin a été reproduit dans le Petit Figaro</desc>
            </item>
            <item n="52">
               <num>52</num>
               <name type="author">. GIRARDON (François),</name>
               <trait>
                  <p>le grand sculpteur, un des décorateurs de <placeName>Versailles</placeName>, n. 1628, m. 1715</p>
               </trait>
               <desc>L. a. s. ; 2 mars 1693, 1 p. in-4. Rare. Il indique le nom de deux sculpteurs, <persName>Vivien</persName> et<persName> Maubeuge</persName>, qui ont la réputation d'être très habiles</desc>
            </item>
            <item n="53">
               <num>53</num>
               <name type="author">. GLINKA (Michel),</name>
               <trait>
                  <p>célèbre compositeur de musique russe, n. 1804, m. 1857</p>
               </trait>
               <desc>L. a. s., en italien, à<persName> M. Cerri;</persName> 14 septembre (1832), 1 p. in-8. Rare.</desc>
               <note>Belle lettre où il demande une copie d'un motif de la Sonnambula</note>
            </item>
            <item n="54">
               <num>54.</num> 
               <name type="author">GOETHE (Jean-Wolfgang),</name> 
               <trait><p>un des plus grands écrivains de l'Allemagne, n. 1749, m. 1832. </p></trait>
               <desc>P. a. s.; Iéna, 18 juillet 1811, 1/2 p. in-4. Belle pièce</desc>
            </item>
            <item n="55">
               <num>55</num>
               <name type="author">. GREVY (Jules),</name>
               <trait>
                  <p>célèbre homme politique, troisième président de la République française, n. 1807, m. 1891</p>
               </trait>
               <desc>L. a. s. à <persName>M. Millières</persName>, 1 p. in-8. Rare</desc>
            </item>
            <item n="56">               
              <num> 56.</num> 
               <name type="author">GRIMM (Frédéric-Melchior, baron de),</name> 
               <trait><p>célèbre critique et écrivain, auteur de la Correspondance littéraire, n. 1723, m. 1807.</p></trait> 
              <desc> L. a. s. au<persName> baron de Branc</persName>; <placeName>Paris</placeName>, 22 janvier 1755. 1 p. 1/2 in-8. Jolie lettre</desc>
            </item>
            <item n="57">
               <num>57.</num> 
               <name type="author">GUIZOT (François-Guillaume),</name> 
               <trait><p>célèbre historien, ministre de Louis-Philippe, membre de l'Académie française, n. 1787, m. 1874. </p></trait>
               <desc>L. a. s. (à M. Bérard) ; samedi 16, 2 p. 1/2 in-4.</desc>
               <note>Importante lettre relative à la fondation d'une Société pour la publication de textes sur l'histoire de France. « Les compilations des érudits et les combinaisons systématiques des philosophes ne nous contentent plus. Nous voulons connaître les moeurs et les événements des tems anciens dans leur simplicité, avec leurs formes et sous leurs couleurs natives. » Il trace le plan d'une suite de publications composée par l'impression des oeuvres laissées par les chroniqueurs qui ont vécu du ve au XVe siècle. Intéressants détails</note>
            </item>
            <item n="58">
               <num>58.</num> 
               <name>HENRI III,</name>
              <trait><p> roi de France, n. 1551, m. 1589. L. a. s. <persName>Alexandre</persName>, à la reine d'Espagne, sa soeur; (9 mai 1562), 1 p. in-folio, légères taches de rousseur. Très rare avec cette signature.</p></trait>
               <note>Curieuse lettre signée de son nom de baptême, qu'il échangea en 1566 pour celui de <persName>Henri</persName>. Il prie sa soeur de le tenir dans les bonnes grâces du roi, son mari (<persName>Philippe II</persName>)</note>
            </item>
            <item n="59">
             <num> 59.</num> 
               <name type="author">HEROLD (Ferdinand),</name> 
               célèbre compositeur de musique, auteur de Zampaet du Pré aux Clercs, n. 1791, m. 1833. P. a. s.; <placeName>Paris</placeName>, 7 décembre 1831, 1 p. in-4.
               Il déclare qu'il ne croit pas que <persName>Madame Glossop-Demeri</persName> ait une voix convenable pour succéder à <persName>Madame Damoreau-Cinti</persName>
            </item>
            <item n="60">
               <num>60</num>
               <name type="author">. HU6O (Victor),</name>
               <trait>
                  <p>le grand poète, n. 1802, m. 1885</p>
               </trait>
               <desc>L. a. s. au directeur de l'Illustrated London News; <placeName>Marine Terrace</placeName>, 12 avril 1854, 1 p. 1/2 in-4.</desc>
               <note>Superbe lettre où il le remercie de sa critique bienveillante des Châtiments. Il dit qu'après avoir servi le Progrès dans le triomphe, il le défend dans la défaite. « Car tout ce que nous voyons aujourd'hui en France et en Europe n'est pas autre chose que le Progrès vaincu par le Passé, le droit terrassé par la force, la liberté garrottée par l'usurpation. Les hommes qui, comme moi, voient leur patrie enchaînée dans un bourbier, n'ont plus qu'une pensée, le devoir, et qu'un bonheur, l'exil.</note>
            </item>
            <item n="61">
               <num>61.</num> 
               <name type="author">HU6O (Victor).</name>              
               <desc>Pièce de vers aut. sig., 1 p. in-8 oblong.</desc> 
                 <note>Belle pièce ainsi conçue : Heureux qui peut aimer, et qui, dans la nuit noire, Tout en cherchant la foi, peut rencontrer l'amour ! Il a du moins la lampe en attendant le jour. Heureux ce coeur! Aimer, c'est la moitie de croire. 
                 </note>                                             
            </item>
            <item n="62">
            <num>62.</num> 
               <name type="author">JEAN SOBIESKl,</name> 
               <trait>
                  <p>roi de Pologne, illustre guerrier, qui délivra <placeName>Vienne</placeName> assiégée par les Turcs, n. 1624, m. 1696. </p>
               </trait>
               <desc>L. s., en latin, avec la souscription aut., à l'empereur <persName>Léopold</persName>; <placeName>Strigonia</placeName>, 13 octobre 1683, 1 p. in-folio, cachet bien conservé. Rare. Superbe pièce écrite un mois après la délivrance de Vienne, et dans laquelle il lui recommande le comte <placeName>Ladislas Chyalis</placeName>.
               </desc> 
            </item>
            <item n="63">
            <num>63.</num> 
               <name type="author">JOUKOVSKY (Basile),</name> 
               <trait>
                  <p>le célèbre poète russe, n. 1783, m. 1852.</p>
               </trait>           
             <desc>L. a. s., <placeName>Munich</placeName>, 6 octobre 1838, 1 p. in-4. Rare. Belle lettre relative aux paiements de travaux exécutés par des peintres de <placeName>Düsseldorf</placeName></desc>
            </item>
            <item n="64">
               <num>64</num>
               <name type="author">. KAMENSKY (Michel, comte),</name>
               <trait>
                  <p>célèbre maréchal russe, qui se distingua dans la guerre de Sept Ans, n. 1738, assassiné en 1809</p>
               </trait>
               <desc>L. a. s., en français (à <persName>Euler</persName>); <placeName>Moscou</placeName>, 8 juin 1794, 3 p. in-4.</desc>
               <note>Curieuse lettre relative à l'éducation de son fils. Il se plaint de sa mauvaise écriture et donne à son précepteur divers moyens pour l'engager à mieux former ses lettres. Ces moyens sont : le dessin, la privation des exercices à cheval, etc</note>
            </item>
            <item n="65">
             <num> 65.</num> 
               <name type="author">KELLER (Balthazar),</name> 
               <trait>
                  <p>célèbre fondeur et ciseleur, qui a dirigé la fonte de la plupart des statues exécutées pour l'embellissement de <placeName>Paris</placeName> et de <placeName>Versailles</placeName> dans le dernier tiers du XVIIe siècle, n. 1638, m. 1702.</p></trait> 
               <desc>L. a. s. à Monseigneur...; <placeName>Paris</placeName>, 3 mai 1693, 2 p. in-folio. Très rare.</desc> 
               <note>Superbe lettre où il demande une gratification du roi pour la fonte d'une grande figure équestre</note>
            </item>
            <item n="66">
               <num>66.</num> 
               <name type="author">KOURAKIN (Boris, prince),</name> 
               <trait>
                  <p>général et diplomate russe, qui prit part à la bataille de <placeName>Pultava</placeName> et qui accompagna <persName>Pierre le Grand</persName> en France, n. 1677, m. 1727. </p></trait>
               <desc>L. s., en français à <persName>M. de Blumenhof</persName>; <placeName>Paris</placeName>, 15 décembre 1724,1 p. 1/2 in-4.</desc> 
                  <note>Intéressante lettre relative à l'entrée au service de Pierre le Grand du géographe J.-N. de Lisle</note>
            </item>
            <item n="67">
               <num>67</num>
               <name type="author">. KRUDNER (Julie de Vietinghorr, baronne de),</name>
               <trait>
                  <p>célèbre romancière et mystique russe, auteur de Valérie, l'Egérie de l'empereur de Russie <persName>Alexandre I</persName>, n. 1764, m. 1824</p>
               </trait>
               <desc>L. a. s., en français (à l'<persName>abbé Famin</persName>); <placeName>Leipzig</placeName>, 4 avril 1793, 4 p. in-4. (Coll. A. Bovet.)</desc>
               <note>Epître des plus curieuses dans laquelle la <persName>baronne de Krudner</persName> déclare qu'elle n'a pas songé à enlever l'abbé à la <placeName>France</placeName> et à ses occupations. Si elle lui a demandé de venir faire l'éducation de son fils, c'est qu'elle professe pour lui la plus vive admiration. Elle renonce donc à son projet. « Ahl vous le savés, ma reconnaissance n'est pas celle des âmes ordinaires, mais dans ce cas-ci je serais effraié de sa grandeur, non que je voulusse la sentir, mais de ce que je ne pourrai jamais l'acquitter. Je ne puis écrire davantage; dites tout ce qu'il manque, faites tout ce que je désire et du moins ditesvous que ma proposition, quelque terrible qu'elle me paraisse à présent, n'était pas dicté par l'égoïsme, mais par la sensibilité, et que la manière dont vous la reçutes doit enrichir votre âme d'un bien beau souvenir. Je suis accablé de maux de nerfs. Ah! vous savés que j'ai une âme qui tue mon corps. Je vous embrasse, cher et respectable ami; je vous aimerai toujours... »</note>
            </item>
            <item n="68">
               <num>68</num>
              <name type="author"> LA FAYETTE (Gilbert Motier, marquis de),</name> 
               <trait>
                  <p>célèbre général et homme politique, n. 1757, m. 1834.</p>
               </trait> 
               <desc>L. a. s. à M. V. Thoré; <placeName>Paris</placeName>, 25 avril 1824, 1 p. 1/3 in-4.</desc>
               <note>Superbe lettre où il lui recommande une pauvre femme qui a perdu sa position parce qu'elle est la soeur de <persName>Pommier</persName>, l'un des quatre sergents de <placeName>la Rochelle</placeName></note>
            </item>
            <item n="69">
               <num>69</num>
               <name type="author">. LAMARTINE (Alphonse de),</name>
               <trait>
                  <p>le grand poète, n. 1790, m. 1869</p>
               </trait>
               <desc>L. a. s. ; <placeName>Saint-Point</placeName>, 10 octobre 1858, 3 p. in-8.</desc>
               <note>Superbe lettre. Il se plaint que la souscription que l'on fait en sa faveur n'ait pas plus d'écho au nord qu'au midi de la <placeName>France</placeName>. « J'ai la conscience que l'on me devait mieux que des outrages et des ostracismes. Sans mon dévouement, bien ou mal réfléchi, pour elle au jour de ses angoisses, je ne serais pas expulsé de mon toit paternel et bientôt même de ses frontières. Que Dieu ne les lui rende pas! »</note>
            </item>
            <item n="70">
               <num>70</num>
              <name type="author">LA ROCHEFOUCAULD (François VI, duc de),</name> 
               <trait><p>l'illustre écrivain, auteur des Maximes, n, 1613, m. 1680.</p></trait> 
               <desc>P. s., signée aussi par <persName>Andrée de Vivonne</persName>, son épouse ; 3 juillet 1658, 2 p. in-folio. Très rare.</desc> 
               <note>Procuration donnée à <persName>Paul Bernard</persName>, leur intendant, pour emprunter une somme de 9.000 livres</note>
            </item>
            <item n="71">
               <num>71</num>
              <name type="author">LAYNEZ (Jaime),</name> 
               <trait>
                  <p>un des premiers et des plus célèbres disciples d'<persName>Ignace de Loyola</persName> et son successeur comme général de l'ordre des jésuites, n. 1512, m. 1565.</p>
               </trait> 
               <desc>P. s., en italien, signée aussi par <persName>Bobadilla</persName> et <persName>Salmeron</persName>, disciples d'Ignace de Loyola et le docteur <placeName>Madrid</placeName>; <placeName>Rome</placeName>, 29 mai 1555, 1 p. 1/2 in-folio. Très rare. (Coll. B. Fillon.)</desc>
               <note>Consultés par <persName>Don Juan de Luna</persName> sur les hésitations qu'il éprouve à rester dans l'ordre, ces quatre pères opinent pour qu'il persévère dans sa première résolution. L'exposé de Luna est en tête de la pièce.</note>
            </item>
            <item n="72">   
               <num>72.</num> 
               <name type="author">LEMOYNE D'IBERVILLE,</name> 
              <trait>
                 <p> célèbre navigateur qui défendit intrépidement le <placeName>Canada</placeName> contre les Anglais et découvrit le <placeName>Mississipi</placeName>, n. à <placeName>Montréal</placeName>, 1642, m. 1706. </p>
              </trait>
               <desc>L. a. s. à <persName>Nicolas Thoinard</persName> ; <placeName>Rochefort</placeName>, 18 septembre 1703, 2 p. in-4. Très rare.</desc>
               <note>Importante lettre où il annonce son départ pour le mois de novembre sur le navire le Mississipi. Il s'enquiert de l'importance et de la richesse des <placeName>îles Saint-Gabriel</placeName> dans le <placeName>Rio de la Plata</placeName> et demande si elles valent la peine d'être prises pour la <placeName>France</placeName></note>
           </item>               
           <item n="73">
                <num>73.</num> 
               <name type="author">LEMOYNE DE SERIGNY,</name> 
               <trait>
                  <p>frère et compagnon d'armes du précédent. </p></trait>
               <desc>L. a. s. à <persName>Nicolas Thoynarn</persName> ; <placeName>La Rochelle</placeName>, 3 octobre 1700, 2 p. in-4. Très rare.</desc>
               <note>Intéressante lettre où il lui fait part de la maladie de son frère d'Iberville.</note>
            </item>
               <item n="74">       
                 <num> 74.</num> 
                  <name type="author">LOUIS XVIII,</name> 
                  <trait>
                     <p>roi de France, n. 1755, m. 1824.</p>
                  </trait> 
                 <desc> L. a. s.; <placeName>Mittau</placeName>, 19 janvier 1805, 1/2 p. in-4. </desc>
                  <note>Jolie lettre où il témoigne sa satisfaction de voir le roi de Suède récompenser les bons Français</note>
            </item>               
            <item n="75">
               <num>75</num>
               <name type="author">LULLY (Jean-Baptiste),</name> 
               <trait><p>célèbre compositeur de musique, créateur de l'opéra en <placeName>France</placeName>, n. 1632, m. 1687. </p>
               </trait>
               <desc>P. s. sur vélin ; <placeName>Paris</placeName>, 3 janvier 1667, 1 p. in-4 oblong.</desc>
               <note>Reçu de la somme de 165 livres pour un quartier de ses gages de surintendant de la musique de la chambre du roi</note>
            </item>
            <item n="76">
               <num>76</num>
               <name type="author">. MAFFEI (Francesco-Scipione, marquis),</name>
               <trait>
                  <p>célèbre poète dramatique italien, n. 1675, m. 1755</p>
               </trait>
               <desc>L. a. s. à<persName> Maria Maffei</persName>, 1 p. in-4, cachet-camée. Très belle lettre où il parle d'<persName>Apostolo Zeno</persName>.</desc> 
                  </item>
            <item n="77">   
                <num>  77.</num>
              <name type="author"> MARIE-ADÉLAIDE-CLOTILDE DE FRANCE,</name> 
              <trait><p> reine de <placeName>Sardaigne</placeName>, soeur de <persName>Louis XVI</persName>, déclarée vénérable par le pape <persName>Pie VII</persName>, n. 1759, m. 1802. </p>
              </trait>
              <desc> L. a. s. à une dame; <placeName>Versailles</placeName>, 3 janvier 1775, 1 p. in-4. Rare. </desc>
               <note>Jolie lettre où elle lui exprime le désir que <persName>Tronchin</persName> la guérisse. </note>
            </item>
            <item n="78">   
               <num>78.</num> 
               <name type="author">MEHUL (Etienne-Henri),</name> 
               <trait><p>célèbre compositeur de musique, auteur du Chant du départ et de Joseph, n. 1761, m. 1817. </p></trait>
              <desc> L. a. s. à <persName>Madame Bouilly</persName>, 2 p. in-4. </desc>
               <note>Jolie lettre où il donne des conseils à une jeune fille. « Dans les arts tout est soumis au goût et à l'esprit.</note>
            </item>                        
            <item n="79">
               <num>79</num>
               <name type="author">. MENDELSSOHN (Félix),</name>
               <trait>
                  <p>le célèbre compositeur de musique allemand, n. 1809, m. 1847</p>
               </trait>
               <desc>L. a. s., en français, à <persName>Scribe</persName>; <placeName>Berlin</placeName>, 14 janvier 1842, 1 p. 1/2 in-8. Superbe lettre où il exprime le désir d'être son collaborateur. « Honneur dont beaucoup de mes compatriotes sont sans doute plus dignes, mais qu'aucun d'eux ne saurait mieux apprécier que moi.</desc>
            </item>
            <item n="80">
             <num> 80.</num> 
              <name type="author"> MENCHIKOW (Alexandre-Danilovitch, prince),</name> 
               <trait><p>illustre homme d'État et général, favori et collaborateur de <persName>Pierre le Grand</persName>, n. 1672, m. 1729. </p></trait>
               <desc>P. s., 1822, 1 p. in-folio, cachet bien conservé. Superbe et rare Pièce</desc>
            </item>
            <item n="81">
              <num>81.</num> 
               <name type="author">MILLOT (Claude-François-Xavier, abbé),</name> 
               <trait><p>historien, membre de l'Académie française, n. 1726, m. 1785.</p></trait> 
              <desc> L. a. s. au président d'une société littéraire; <placeName>Lyon</placeName>, 12 juillet 1757, 1 p. in-4. Rare.</desc>
               <note>Jolie lettre où il le remercie d'un prix qui lui a été décerné</note>
            </item>
            <item n="82">
               <num>82. </num>
              <name type="author"> MINA (Francisco Espoz y),</name> 
               <trait><p>fameux chef de guerillas espagnol, adversaire des Français, n. 1783, m. 1835. </p></trait>
               <desc>P. a. s.; <placeName>Pampelune</placeName>, 22 mars 1810, 2 p. 1/2 in-4. Rare. </desc>
               <note>Intéressante pièce. C'est le texte autographe d'une proclamation à ses soldats</note>
            </item>
            <item n="83">
               <num>83</num>
               <name type="author">. MOREAU (Victor),</name>
               <trait>
                  <p>illustre général républicain, n. 1763, blessé mortellement dans les rangs ennemis à la bataille de <placeName>Dresde</placeName>, 1813</p>
               </trait>
               <desc>L. a. s. au <persName>général Morgan</persName> ; 25 vendémiaire an IV (12 octobre 1795), 1 p. in-4, jolie vignette.</desc>
               <note>Il lui annonce avec regret que le Comité de Salut public a décidé qu'il cessait d'être employé</note>
            </item>
            <item n="84">
               <num>84.</num> 
               <name type="auhtor">MURATORI (Lodovico-Antonio),</name> 
               <trait><p>le grand érudit italien, n. 1672, m. 1750. </p></trait>
              <desc> L. a. s. (à <persName>Girolamo Tartarotti</persName>); <placeName>Modène</placeName>, 2 octobre 1732, 4 p. in-4.</desc>
               <note>Importante lettre où il le félicite de son dessein de traiter de l'origine et de l'essence de l'âme. Longues et intéressantes considérations à ce sujet</note>
            </item>
            <item n="85">
               <num>85</num>
               <name type="author">. MUSSET (Alfred de),</name>
               <trait>
                  <p>le grand poète, n. 1810, m. 1857</p>
               </trait>
               <desc>L. a. s. à <persName>M. Marette</persName>; 31 mars 1840, 1/2 p. in-4. Rare.</desc> 
                  <note>Il le prie de lui faire remettre ses appointements du mois de mars. </note>
            </item>
            <item n="86">
                  <num>86.</num> 
              <name type="author"> NAPOLEON Ier,</name> 
               <trait><p>empereur des Français, n. 1769, m. 1821.</p></trait> 
               <desc>P. aut. sig. Buonaparte, en italien; 10 novembre 1792, 1/2 p. in-4 oblong. Très rare.</desc>
               <note>Ordre de paiement adressé au <persName>capitaine Pianelli</persName>. </note>
            </item>
               <item n="87">
              <num> 87.</num> 
                  <name type="author">NAPOLEON III,</name> 
                  <trait><p>empereur des Français, n. 1808, m. 1873. </p></trait>
                  <desc>L. a. s., en allemand, à son précepteur, <persName>M. Spermann</persName>; 1 p. in-4.</desc>
               <note>Curieuse lettre de sa jeunesse. Il le prie de ne pas lui donner de leçon pour la journée parce qu'il doit recevoir la visite du roi de <placeName>Wurtemberg</placeName>. Il finit sa lettre par des plaisanteries sur l'amour. « Bist du und warum? 0 Zeit ! 0 Sitten ! Ich bin ein Narr.» (Es-tu et pourquoi? 6 temps, 6 moeurs ! je suis un fou.</note>
            </item>
            <item n="88">
               <num>88.</num> 
               <name type="author">NAPOLEON (Eugène-Louis-Jean-Joseph),</name> 
              <trait><p> prince impérial, fils unique de <persName>Napoléon III</persName>, n. 1856, m. 1879. </p></trait>
              <desc> L. a. s. à <persName>M. de Persigny</persName> ; <placeName>Chislehurst</placeName>, 20 octobre 1875, 3/4 de p. in-8. Très rare.</desc>
               <note>Jolie lettre où il le félicite de son admission à l'Ecole de <placeName>Saint-Cyr</placeName></note>
            </item>
            <item n="89">
              <num>89.</num> 
              <name type="author"> MUNNICH (Burchardt-Christophe, comte),</name> 
               <trait><p>célèbre général et homme d'Etat russe, n. 1683, m. 1767. </p></trait>
               <desc>L. s., avec la souscription aut., au landgrave de HesseHombourg; <placeName>Saint-Pétersbourg</placeName>, 7 mars 1741, 3 p. in-4. Rare. </desc>
               <note>Très belle lettre où il l'assure de son dévouement à sa maison.</note>
            </item>
            <item n="90">
              <num> 90.</num>                
              <name type="author">NASSAU-SIEGEN (Othon, prince de),</name> 
               <trait><p>célèbre général, fameux par ses aventures, n. 1745, m. 1809. </p></trait>
               <desc>P. a. s.; Tinna, 15 août 1807, 2 p. in-folio.</desc>
               <note>Curieuse note destinée à être remise à <persName>Talleyrand</persName> où il expose ses droits sur les Etats de Siegen. Intéressants détails sur la famille de <persName>Nassau</persName></note>
            </item>
            <item n="91">
               <num>91.</num> 
               <name type="author">ORLEANS (Elisabeth-Charlotte de Bavière, duchesse d'),</name> 
               <trait><p>femme de <persName>Philippe duc d'Orléans</persName>, mère du Régent. On a publié sa curieuse correspondance, n. 1652, m. 1722.</p></trait> 
              <desc> L. a. s. (au <persName>duc de Vendôme</persName>?) ; <placeName>Fontainebleau</placeName>, 7 octobre 1694, 1 p. in-4. (Coll. Chambry.)</desc>
               <note>Jolie lettre où elle exprime l'espoir que le roi récompensera son mérite</note>
            </item>
            <item n="92">
               <num>92</num>
               <name type="author">. PANGE (François, chevalier de),</name>
               <trait>
                  <p>écrivain, ami d'<persName>André Chénier</persName>, n. 1764, m. 1796</p>
               </trait>
               <desc>L. a. s. au poète <persName>Lebrun</persName> ; <placeName>Sarrelouis</placeName>, 26 mai 1783, 2 p. 1/2 in-4. Très rare.</desc>
               <note>Belle lettre où il exprime son admiration pour le talent de <persName>Lebrun</persName>. Il parle de leur ami commun (<persName>André Chénier</persName>?) et se plaint d'être exilé dans la garnison de <placeName>Sarrelouis</placeName></note>
            </item>
            <item n="93">
               <num>93</num>
               <name type="author">. PARTHENAY (Catherine de),</name>
               <trait>
                  <p>vicomtesse de Rohan, illustre calviniste, dont l'héroïsme pendant le siège de <placeName>La Rochelle</placeName> est justement fameux, n. 1554, m. 1631</p>
               </trait>
               <desc>L. a. s. au <persName>cardinal de Richelieu</persName>;<placeName> Le Parc</placeName>, 21 février 1625, 1 p. in-folio.</desc>
               <note>Superbe lettre où elle lui demande d'intercéder en sa faveur auprès du roi pour que les revenus de sa maison de Josselin ne soient pas affectés au paiement des gens d'armes que le <persName>duc de Vendôme</persName> y a mis en garnison « veu que le Roy n'entend point que ceux qui ne se meslent que de prier Dieu pour la prospérité de Sa Majesté soyent molestez en leurs biens non plus qu'en leurs personnes »</note>
            </item>
            <item n="94">
               <num>94</num>
              <name type="author"> PATKUL (Jean-Reinhold de),</name> 
               <trait><p>noble livonien, qui tenta de délivrer son pays du joug de la <placeName>Suède</placeName>, livré par <persName>Auguste II</persName>, roi de <placeName>Pologne</placeName>, à <persName>Charles XII</persName>, qui le fit écarteler en 1707.</p></trait> 
               <desc>L. s., en allemand ; <placeName>Dresde</placeName>, 1er juin 1705, 1 p. in-folio, cachet bien conservé. Très rare</desc>
            </item>
            <item n="95">
               <num>95</num>
               <name type="author">. PELLICO (Silvio),</name>
               <trait>
                  <p>célèbre écrivain italien, auteur de Le Mie Prigioni, n. 1789, m. 1854</p>
               </trait>
               <desc>L. a. s.; <placeName>Turin</placeName>, 18 mai 1841, 3 p. in-4.</desc>
               <note>Curieuse épître où il demande, de la part de la <persName>marquise de Barol</persName>, s'il existe une relation imprimée d'un miracle et fait l'éloge de <persName>monseigneur Artico</persName></note>
            </item>
            <item n="96">
               <num>96</num>
              <name type="author"> PERRAULT (Charles),</name> 
               <trait><p>l'inimitable auteur des Contes des Fées, membre de l'Académie française, n. 1628, m. 1703. </p></trait>
               <desc>P. a. s.; 17 octobre 1672, 1/2 p. in-4.</desc>
               <note>Il donne l'ordre de payer la somme de 470 livres aux ouvriers qui ont travaillé à régaler les terrasses et contre-allées du château de <placeName>Versailles</placeName></note>
            </item>
            <item n="97">
               <num>97</num>
               <name type="author">PESTALOZZI (Jean-Henri),</name> 
               <trait><p>célèbre pédagogue suisse, qui réforma l'enseignement dans son pays, n. 1746, m. 1827. </p></trait>
              <desc> L. a. s. à <persName>J.-J Paschoud</persName>; <placeName>Yverdun</placeName>, 19 janvier 1812, 3/4 de p. in-4. (Coll. B. Fillon.) </desc>
               <note>Il lui accuse réception d'un envoi qu'il n'a pas encore eu le temps d'examiner</note>
            </item>
            <item n="98">
               <num>98</num>
               <name type="author">. PIRON (Alexis),</name>
               <trait>
                  <p>célèbre poète dramatique et satirique, auteur de la Métromanie, n. 1689, m. 1773</p>
               </trait>
               <desc>L. a. s.; 1er mars 1760, 1 p. 1/2 in-4.</desc>
               <note>Jolie lettre où il félicite son correspondant d'une églogue qu'il a composée. « J'ai fait mes premières armes sur les bords délicieux du <placeName>Lignon</placeName>. J'en aime encore le souvenir. Jugez si j'ai pu vous lire sans une douce émotion et sans aplaudir au beau feu que votre muse allume sur un autel, depuis longtemps si froid et si déserté. » Il termine en formulant le conseil de ne pas se cantonner dans l'églogue, car cette poésie mène à la mélancolie et donne à l'esprit une sorte de mollesse qui l'éloigne de la gaieté</note>
            </item>
            <item n="99">
               <num>99</num>
               <name type="author">PIRON (Alexis).</name> 
               <desc>Pour un enfant à son père, le jour de l'an, pièce de vers aut.. 6 p. in-4. Superbe pièce</desc>
            </item>
            <item n="100">
               <num>100</num>
              <name type="author">PLATOW (Mattheu, comte),</name> 
               <trait><p>ataman des cosaques, célèbre général russe qui se distingua dans les guerres de l'Empire, n. 1751, m. 1818. </p></trait>
               <desc>P. s. ; <placeName>Francfort</placeName>, 29 octobre 1813, 2 p. in-folio, cachet bien conservé. Très rare. </desc>
               <note>Ordre militaire concernant la marche des régiments cosaques pendant la traversée de l'<placeName>Allemagne</placeName></note>
            </item>
            <item n="101">
               <num>101</num>
               <name type="author">POUSCHKINE (Alexandre),célèbre poète russe, n. 1799, m. 1837.</name>
               <trait>
                  <p>célèbre poète russe, n. 1799, m. 1837.</p>
               </trait>
               <desc>1° B. a. s., en français, à un colonel, 1/2 p. in-8 oblong. Joli billet au-dessous duquel <persName>Pouschkine</persName> a dessiné une tête.</desc>
               <desc>2° Note aut., en français, 1 p. in-4.</desc>
               <note>Résumé d'une conversation de <persName>Pouschkine</persName> avec l'ambassadeur d'<placeName>Espagne</placeName> au sujet du coup d'Etat du 18 brumaire. Il donne de curieux détails sur l'attitude de <persName>Napoléon</persName> et du Conseil des Cinq Cents. (Ces deux autographes sont certifiés par le peintre Joukowsky qui les tenait de son père, le grand poète russe Joukowsky)</note>
            </item>
            <item n="102">
               <num>102</num>
               <name type="author">PROUDHON (Pierre-Joseph),</name> 
               <trait><p>le célèbre écrivain socialiste, n. 1809, m. 1865.</p></trait>
               <desc>L. a. s. aux éditeurs <persName>Boussard</persName> et <persName>Monnier</persName>; <placeName>Conciergerie</placeName>, 28 août 1851, 2 p. in-8</desc>
               <note>Intéressante lettre relative aux conditions de rédaction et de publication d'un ouvrage intitulé l'Histoire de la démocratie moderne</note>
            </item>
            <item n="103">
              <num> 103.</num> 
               <name type="author">QUERINI (Angelo-Maria, cardinal),</name> 
               <trait><p>un des plus grands érudits du XVIIIe siècle, ami de <persName>Voltaire</persName>, n. 1680, m. 1759.</p></trait>
              <desc> L. a. s. ; <placeName>Brescia</placeName>, 24 avril 1746, 1 p. in-4. Belle pièce</desc>
            </item>
            <item n="104">
              <num>104.</num> 
               <name type="author">RETZ (Jean-François-Paul de Gondi, cardinal de), </name>
               <trait><p><persName>archevêque de <placeName>Paris</placeName></persName>, célèbre frondeur, auteur de Mémoires, n. 1613, m. 1679.</p></trait> 
               <desc>L. s. à l'<persName>abbé Charrier</persName>; <placeName>Commercy</placeName>, 24 décembre 1667, 1 p. in-4, cachets bien conservés et soies.</desc> 
               <note>Intéressante lettre relative à sa démission d'une abbaye</note>
            </item>
            <item n="105">
               <num>105</num>
               <name type="author">. ROUSSEAU (Jean-Baptiste),</name>
               <trait>
                  <p>célèbre poète lyrique, membre de l'Académie des Inscriptions, n. 1671, m. 1741</p>
               </trait>
               <desc>L. a. s. à une dame; <placeName>Soleure</placeName>, 29 décembre 1713, 2 p. in-4. Très jolie lettre de compliments à l'occasion du renouvellement de l'année</desc>
            </item>
            <item n="106">
               <num>106.</num> 
               <name type="author">RUBINSTEIN (Antoine),</name> 
               <trait><p>célèbre pianiste et compositeur de musique russe, n. 1829, m. 1894.</p></trait> 
               <desc>Morceau de musique aut. avec dédicace aut. sig. à miss <persName>Octavia Caroli</persName>; <placeName>Paris</placeName>, 5 mai 1875, 1 p. in-4</desc>
            </item>
            <item n="107">
               <num>107.</num> 
              <name type="author"> RUGIERI (Rugiero di),</name> 
               <trait><p>peintre d'ornements et d'arabesques de <persName>Catherine de Médicis</persName>, qui le fit nommer garde des peintures de <persName>Fontainebleau</persName>. </p></trait>
               <desc>P. s.; 27 juin 1587, 1 p. in-folio. Très rare. (Coll. B. Fillon.) </desc>
               <note>Acte où il intervient comme tuteur de sa fille Marie.</note>
            </item>
            <item n="108">
               <num>108.</num> 
               <name type="author">SAINTE-PALAYE (Jean-Baptiste de Lacurne de),</name> 
               <trait><p>savant érudit, membre de l'Académie des Inscriptions et de l'Académie française, n. 1697, m. 1781. </p></trait>
               <desc>L. a. s. (au <persName>cardinal Passionei</persName>); <placeName>Paris</placeName>, 17 janvier 1746, 2 p. in-4. Rare. </desc>
               <note>Jolie lettre relative à des achats de livres qu'il faisait pour le compte du <persName>cardinal Passionei</persName>.</note>
            </item>
            <item n="109">
              <num> 109. </num>
               <name type="author">SAINT-LAMBERT (Jean-François, marquis de),</name>
               <trait><p>célèbre poète, auteur des Saisons, ami de <persName>Madame d'Houdetot</persName>, membre de l'Académie française, n. 1713, m. 1803. </p></trait>
               <desc>Première élégie de Tibulle, 6 p. 1/2 in-4. Superbe pièce.</desc>
            </item>
            <item n="110">
               <num>110.</num> 
               <name type="author">SAINT-PIERRE (Bernardin de),</name> 
               <trait><p>le célèbre écrivain, membre de l'Académie française, n. 1737, m. 1814. </p></trait>
               <desc>L. a. s. à <persName>Lucien Bonaparte</persName>; <placeName>Paris</placeName>, 6 ventôse an VIII, (25 février 1800), 2 p. in-folio.</desc>
               <note>Superbe lettre où, sous le prétexte de recommander un nommé <persName>Grandjean</persName>, il lui trace tout un plan de conduite. « Vous marchés vers la gloire et vous avés autant de moyens que votre illustre frère pour y arriver. Mais vous marchés par deux chemins différents. La victoire l'y a conduit à travers les combats, c'est à la justice à vous y faire parvenir.</note>
            </item>
            <item n="111">
              <num> 111.</num> 
               <name type="author">SCHLEGEL (August-Wilhem von),</name> 
               <trait><p>grand critique et écrivain allemand, ami de <persName>Madame de Staël</persName>, n. 1767, m. 1845.</p></trait> 
               <desc>L. a. s., en français, à <persName>Langlès</persName>; <placeName>Coppet</placeName>, 4 septembre 1815, 2 p. in-4. (Coll. A. Bovet.)</desc>
               <note>Les événements et l'interruption du service des postes l'ont empéché de répondre plus tôt à sa lettre du 8 mai. « Il faut espérer qu'une paix durable et vraiment européenne raménera enfin le calme dans les esprits, qu'elle favorisera les recherches paisibles et les communications entre les savants des différents pays, qui, par leur vocation, doivent être cosmopolites. » Il parle ensuite de ses études sur les langues orientales</note>
            </item>
            <item n="112">
               <num>112</num>
               <name type="author">. SCHUMANN (Robert),</name>
               <trait>
                  <p>célèbre compositeur de musique allemand, n. 1810, m. 1856</p>
               </trait>
               <desc>L. a. s. à <persName>Franz Brendel</persName>; <placeName>Dresde</placeName>, 21 octobre 1849, 2 p. in-8. Rare.</desc>
               <note>Belle lettre où il parle de ses Lieder et d'un concert qu'il va donner</note>
            </item>
            <item n="113">
               <num>113</num>
               <name type="author">. SEGUR (Louis-Philippe, comte de),</name>
               <trait>
                  <p>diplomate et historien, ami de <persName>Catherine II</persName>, grand maître des cérémonies de Napoléon 1er, membre de l'Académie française, m. 1753, m. 1830</p>
               </trait>
               <desc>L. a. s. (à <persName>Potemrim</persName>); <placeName>Saint-Pétersbourg</placeName>, 20 octobre 1787, 3 p. in-4.</desc>
               <note>Très curieuse lettre où il lui soumet un plan d'alliance entre la <placeName>France</placeName> et la <placeName>Russie</placeName>. Il lui demande quelle serait l'attitude de la Russie vis-à-vis des Anglais si la <placeName>France</placeName> aidait la <placeName>Russie</placeName> à lutter contre les Turcs. Il lui demande son appui pour appuyer un changement si complet dans la politique étrangère de la <placeName>France</placeName></note>
            </item>
            <item n="114">
               <num>114</num>
               <name type="author">. SOULT (Jean de Dieu),</name>
               <trait>
                  <p>duc de <placeName>Dalmatie</placeName>, illustre maréchal de l'Empire, n. 1769, m. 1831</p>
               </trait>
               <desc>L. a. s. à <persName>Boerio</persName>; <placeName>Turin</placeName>, 17 frimaire an IX, 1 p. in-4, tête imprimée</desc>
            </item>
            <item n="115">
              <num>115.</num> 
               <name type="author">SOUVAROW (Alexandre, comte),</name> 
               <trait><p>célèbre feld-maréchal russe, qui battit les Français à <placeName>La Trebbia</placeName> et à <placeName>Novi</placeName>, n. 1729, m. 1800. </p></trait>
               <desc>L. a. s. au <persName>comte Pierre Panine</persName>; <placeName>Astrakan</placeName>, 24 mai 1781, 1 p. in-4. Très rare</desc>
            </item>
            <item n="116">
               <num>116</num>
               <name type="author">. SPOHR (Ludwig),</name>
               <trait>
                  <p>le célèbre compositeur de musique allemand, n. 1784, m. 1859</p>
               </trait>
               <desc>L. a. s. <persName>J.-F. Kittl</persName>; <placeName>Cassel</placeName>, 3 août 1846, 2 p. 1/2 in-4.</desc> 
                  <note>Importante lettre où il parle de ses compositions musicales, de son séjour à <placeName>Carlsbad</placeName>, etc. </note>
            </item>
            <item n="117">
                 <num> 117.</num> 
               <name type="author">STAEL-HOLSTEIN (Anne-Louise-Germaine Necrer, baronne de),</name> 
              <trait><p> l'illustre auteur de <persName>Corinne</persName>, n. 1766, m. 1817. </p></trait>
               <desc>L. a. s. à <persName>M. Ternaux</persName>; <placeName>Blois</placeName>, 1er septembre 1810, 4 p. in-4,</desc>
               <note>papier filigrané avec le profil de <persName>Napoléon Ier</persName>., Curieuse lettre à un créancier qui ne voulait lui verser que 70,000 francs pour acquitter une dette de 80,000. « Je n'entends les affaires que par une certaine habitude de droiture d'âme et de justesse d'esprit qui ne suffiraient pas pour conduire comme vous les plus vastes et les plus utiles entreprises, mais qui me sert à conduire ce que mon père m'a donné et ce que le gouvernement m'a laissé.</note>
            </item>
            <item n="118">
               <num>118</num>
               <name type="author">. THIERS (Adolphe),</name>
               <trait>
                  <p>premier président de la 3e République française, n. 1797, m. 1877</p>
               </trait>
               <desc>L. a. s. au président du Corps législatif; <placeName>Paris</placeName>, 19 juillet 1870, 1 p. 1/2 in-8. Belle lettre où il lui demande l'autorisation de s'absenter de <placeName>Paris</placeName> pendant un mois</desc>
            </item>
            <item n="119">
               <num>119</num>
               <name type="author">. TIRABOSCHI (Girolamo),</name>
               <trait>
                  <p>célèbre érudit italien, auteur de l'Histoire de la littérature française, n. 1731, m. 1794</p>
               </trait>
               <desc>L. a. s. à <persName>Domenico Coleti</persName>; <placeName>Modène</placeName>, 1er juillet 1788, 2 p. in-4. Intéressante lettre où il parle de ses ouvrages</desc>
            </item>
            <item n="120">
               <num>120</num>
               <name type="author">. TOLSTOI (Léon, comte),</name>
               <trait>
                  <p>le célèbre écrivain russe</p>
               </trait>
               <desc>L. a. s. à un prince, 1 p. 1/2 in-8. Très rare</desc>
            </item>
            <item n="121">
               <num>121</num>
               <name type="author">. TOURGUENEF (Ivan),</name>
               <trait>
                  <p>célèbre romancier russe, n. 1818, m. 1883</p>
               </trait>
               <desc>L. a. s., en allemand; <placeName>Bougival</placeName>, 23 septembre 1881, 2 p. in-8. Intéressante lettre relative à la traduction et à la publication de ses oeuvres en allemand</desc>
            </item>
            <item n="122">
               <num>122</num>
               <name type="author">. TOURGUENEF (Ivan)</name>
               <trait>
                  <p>. 1° L. a. s. de son père <persName>Serge Tourguenef</persName></p>
               </trait>
               <desc>2° L. a. s. de Mme <persName>Pauline Viardot</persName>, amie de <persName>Tourguenef</persName>. -3° Carte imprimée, pour les obsèques de <persName>Tourguenef</persName>. Intéressante réunion</desc>
            </item>
            <item n="123">               
               <num>123.</num> 
               <name type="author">TRIVULCE (Jean-Jacques),</name> 
               <trait><p>dit le Grand Trivulce, maréchal de <placeName>France</placeName>, qui conquit le Milanais.</p></trait>
	              <desc>L. s. <persName>Jo. Jac</persName>, avec la souscription aut. à <persName>François Ier</persName>; <placeName>Embrun</placeName>,5 juillet (1515?), 1 p. 1/2 in-fol. Très rare.</desc>
               <note>Superbe lettre où il lui promet de faire bonne garde et de s'assurer la bienveillance de ses amis d'<placeName>Italie</placeName>. Il lui annonce le passage des ambassadeurs du pape et du roi de <placeName>Portugal</placeName>, <persName>Antoine Pucci</persName> (plus tard cardinal) et <persName>Diégo Pacheco</persName>, qui se rendent vers le roi de <placeName>Portugal</placeName>. « Le dit ambassadeur de notre Saint-Père est bien saige et gentil. L''ambassadeur de <placeName>Portugal</placeName> est personne de bon aspect et bien saige aussi. » Il lui annonce que les Suisses abattent plusieurs forteresses et que les aventuriers de cette nation descendent dans le Milanais, etc</note>
            </item>
            <item n="124">
               <num>124.</num> 
               <name type="author">VAUBAN (Sébastien Lepreste),</name> 
              <trait><p> illustre ingénieur, maréchal de France, n. 1633, m. 1707.</p></trait> 
               <desc>L. s. le <persName>maréchal de Vauban</persName> à <persName>M. Tardif</persName>; <placeName>Paris</placeName>, 12 mai 1706, 2 p. 1/2 in-4, cachet bien conservé.</desc>
               <note>Il lui recommande de ne pas s'écarter des plans qu'il lui a tracés</note>
            </item>
            <item n="125">
               <num>125</num>
               <name type="author">. VIEUXTEMPS (Henri),</name>
               <trait>
                  <p>célèbre violoniste belge, n. 1820, m. 1881</p>
               </trait>
               <desc>L. a. s. ; <placeName>Francfort</placeName>, 2 juin 1865, 4 p. in-4. Importante lettre relative à ses compositions musicales. La première</desc>
               <note>page contient quatre lignes de musique. Il raconte qu'il a fait entendre un quatuor de sa composition avec un grand succès. « Les Allemands ont paru abasourdis. Ils avaient l'air de dire : Pas possible qu'un homme ait fait cela, n'étant pas Allemand.</note>
            </item>
            <item n="126">
               <num>126.</num> 
               <name type="author">VINCENT DE PAUL (Saint),</name> 
               <trait><p>l'illustre fondateur de la Congrégation de la Mission, n. 1576, m. 1660. </p></trait>
               <desc>L. s. avec une ligne aut. au <persName>Père Boulard</persName>; <placeName>Saint-Lazare</placeName>, 26 mai 1654, 1 p. in-4, cachet bien conservé.</desc>
               <note>Superbe pièce où il le prie de prêter sa crosse et sa mitre à un évêque qui n'a pas les siennes</note>
            </item>
            <item n="127">
               <num>127</num>
               <name type="author">. WAGNER (Richard),</name>
               <trait>
                  <p>le grand compositeur de musique allemand, n. 1813, m. 1885</p>
               </trait>
               <desc>L. a. s., en français, à une dame; jeudi soir, 1 p. in-8. Belle lettre où il décline une invitation</desc>
            </item>
            <item n="128">
               <num>128</num>
               <name type="author">. WEBER (Charles-Marie von),</name>
               <trait>
                  <p>le grand compositeur de musique allemand, auteur de Freyschutz, n. 1786, m. 1826</p>
               </trait>
               <desc>L. a. s.; 6 novembre 1822, 2 p. in-4. Rare.</desc>
               <note>Précieuse pièce où il discute les conditions dans lesquelles il devra composer un ouvrage. Il déclare que malgré sa bonne volonté il lui est impossible de satisfaire au désir de son correspondant. Il parle ensuite de son opéra Abou-Hassan</note>
            </item>
            <item n="129">
               <num>129</num>
               <name type="author">. WELLINGTON (Arthur Wellesley, duc de),</name>
               <trait>
                  <p>le vainqueur de <placeName>Waterloo</placeName>, n. 1769, m. 1852</p>
               </trait>
               <desc>L. a. s., en français, à la <persName>princesse de Vaudemont</persName>; <placeName>Cambrai</placeName>, 11 octobre 1817, 1 p. in-4. Jolie lettre</desc>
            </item>
            <item n="130">
               <num>130</num>
               <name type="author">. WINCKELMANN (Jean-Jacques),</name>
               <trait>
                  <p>l'illustre archéologue allemand, assassiné en 1768</p>
               </trait>
               <desc>L. a. s., en italien, (à l'Académie de <placeName>Cortone</placeName>) ; <placeName>Rome</placeName>, 14 février 1761, 2 p. in-4. Superde lettre de remerciements pour son admission dans l'Académie de <placeName>Cortone</placeName></desc>
            </item>
            <item n="131">
               <num>131</num>
               <name type="author">. ZENO (Apostolo),</name>
               <trait>
                  <p>poète dramatique italien, n. 1668, m. 1750</p>
               </trait>
               <desc>L. a. s. à <persName>François Séguier</persName>; <placeName>Venise</placeName>, 23 avril 1746, 1 p. in-4.</desc>
               <note>Belle lettre où il parle de sa santé et de celle de son correspondant</note>
            </item>
            <item n="132">
               <num>132</num>
               <name type="author">. ZOLA (Emile),</name>
               <trait>
                  <p>le célèbre romancier</p>
               </trait>
               <desc>L. a. s.; <placeName>Médan</placeName>, 15 juin 1890, 1 p. in-4. Il exprime le plaisir qu'il a ressenti à voir une de ses oeuvres traduite en russe. 
               </desc>
            </item>
                  <item n="133">   
                  <num>133.</num> 
                     <desc>Sous ce numéro, il sera vendu de nombreux autographes non catalogués</desc>
            </item>
         </list>
      </body>
      <gap/>
   </text>
</TEI>
